id,delta_tm_wt_centered_c,tier
IsPETaseWT_pool_1280,16.468926,ge_13
IsPETaseWT_pool_429,15.783257,ge_13
IsPETaseWT_pool_88,15.587213,ge_13
IsPETaseWT_pool_703,15.474472,ge_13
IsPETaseWT_pool_514,15.363370,ge_13
IsPETaseWT_pool_3720,15.304810,ge_13
IsPETaseWT_pool_3568,15.234992,ge_13
IsPETaseWT_pool_3505,15.168254,ge_13
IsPETaseWT_pool_4808,14.951944,ge_13
IsPETaseWT_pool_4781,14.936818,ge_13
IsPETaseWT_pool_4338,14.932603,ge_13
IsPETaseWT_pool_1296,14.868444,ge_13
IsPETaseWT_pool_3882,14.641939,ge_13
IsPETaseWT_pool_3849,14.578574,ge_13
IsPETaseWT_pool_4951,14.440437,ge_13
IsPETaseWT_pool_3497,14.387093,ge_13
IsPETaseWT_pool_4963,14.341371,ge_13
IsPETaseWT_pool_3100,14.302552,ge_13
IsPETaseWT_pool_4680,14.266811,ge_13
IsPETaseWT_pool_1559,14.259144,ge_13
IsPETaseWT_pool_1620,14.259120,ge_13
IsPETaseWT_pool_2682,14.250144,ge_13
IsPETaseWT_pool_4835,14.214104,ge_13
IsPETaseWT_pool_3220,14.133803,ge_13
IsPETaseWT_pool_4164,13.948658,ge_13
IsPETaseWT_pool_3587,13.931916,ge_13
IsPETaseWT_pool_2132,13.877907,ge_13
IsPETaseWT_pool_4780,13.873753,ge_13
IsPETaseWT_pool_1780,13.854026,ge_13
IsPETaseWT_pool_2966,13.844795,ge_13
IsPETaseWT_pool_4218,13.839902,ge_13
IsPETaseWT_pool_4864,13.802037,ge_13
IsPETaseWT_pool_2622,13.800807,ge_13
IsPETaseWT_pool_1880,13.774130,ge_13
IsPETaseWT_pool_2049,13.728199,ge_13
IsPETaseWT_pool_4079,13.721489,ge_13
IsPETaseWT_pool_795,13.709581,ge_13
IsPETaseWT_pool_3668,13.706684,ge_13
IsPETaseWT_pool_2917,13.676632,ge_13
IsPETaseWT_pool_3609,13.670249,ge_13
IsPETaseWT_pool_4981,13.619342,ge_13
IsPETaseWT_pool_4636,13.601926,ge_13
IsPETaseWT_pool_3030,13.536178,ge_13
IsPETaseWT_pool_111,13.510060,ge_13
IsPETaseWT_pool_2511,13.500265,ge_13
IsPETaseWT_pool_984,13.496685,ge_13
IsPETaseWT_pool_4506,13.475573,ge_13
IsPETaseWT_pool_3230,13.445225,ge_13
IsPETaseWT_pool_120,13.440220,ge_13
IsPETaseWT_pool_4956,13.416103,ge_13
IsPETaseWT_pool_2453,13.401074,ge_13
IsPETaseWT_pool_3570,13.371932,ge_13
IsPETaseWT_pool_1062,13.334639,ge_13
IsPETaseWT_pool_3548,13.314746,ge_13
IsPETaseWT_pool_553,13.278703,ge_13
IsPETaseWT_pool_4526,13.240808,ge_13
IsPETaseWT_pool_1286,13.221991,ge_13
IsPETaseWT_pool_4127,13.201038,ge_13
IsPETaseWT_pool_115,13.196945,ge_13
IsPETaseWT_pool_3240,13.195910,ge_13
IsPETaseWT_pool_1754,13.177925,ge_13
IsPETaseWT_pool_279,13.146676,ge_13
IsPETaseWT_pool_1191,13.142165,ge_13
IsPETaseWT_pool_361,13.127344,ge_13
IsPETaseWT_pool_2316,13.107622,ge_13
IsPETaseWT_pool_4226,13.100726,ge_13
IsPETaseWT_pool_315,13.091932,ge_13
IsPETaseWT_pool_2166,13.070945,ge_13
IsPETaseWT_pool_3693,13.068743,ge_13
IsPETaseWT_pool_1825,13.065449,ge_13
IsPETaseWT_pool_2992,13.059855,ge_13
IsPETaseWT_pool_1155,13.058696,ge_13
IsPETaseWT_pool_2071,13.052332,ge_13
IsPETaseWT_pool_1300,13.046234,ge_13
IsPETaseWT_pool_1864,13.044508,ge_13
IsPETaseWT_pool_4081,12.974764,ge_10
IsPETaseWT_pool_1481,12.966454,ge_10
IsPETaseWT_pool_2839,12.965769,ge_10
IsPETaseWT_pool_3293,12.929775,ge_10
IsPETaseWT_pool_3639,12.893344,ge_10
IsPETaseWT_pool_3626,12.887316,ge_10
IsPETaseWT_pool_862,12.866552,ge_10
IsPETaseWT_pool_2088,12.858892,ge_10
IsPETaseWT_pool_1727,12.857469,ge_10
IsPETaseWT_pool_3327,12.856380,ge_10
IsPETaseWT_pool_1703,12.848613,ge_10
IsPETaseWT_pool_1454,12.843699,ge_10
IsPETaseWT_pool_2548,12.832196,ge_10
IsPETaseWT_pool_215,12.830338,ge_10
IsPETaseWT_pool_4805,12.820322,ge_10
IsPETaseWT_pool_866,12.811566,ge_10
IsPETaseWT_pool_4829,12.810049,ge_10
IsPETaseWT_pool_43,12.801358,ge_10
IsPETaseWT_pool_3547,12.771932,ge_10
IsPETaseWT_pool_2851,12.764386,ge_10
IsPETaseWT_pool_3926,12.755815,ge_10
IsPETaseWT_pool_3470,12.745892,ge_10
IsPETaseWT_pool_4477,12.742725,ge_10
IsPETaseWT_pool_1770,12.742048,ge_10
IsPETaseWT_pool_2987,12.737779,ge_10
IsPETaseWT_pool_789,12.704857,ge_10
IsPETaseWT_pool_4316,12.700818,ge_10
IsPETaseWT_pool_4320,12.700231,ge_10
IsPETaseWT_pool_2629,12.687834,ge_10
IsPETaseWT_pool_72,12.677926,ge_10
IsPETaseWT_pool_3283,12.675090,ge_10
IsPETaseWT_pool_2531,12.669801,ge_10
IsPETaseWT_pool_3512,12.664618,ge_10
IsPETaseWT_pool_2458,12.624894,ge_10
IsPETaseWT_pool_2342,12.623423,ge_10
IsPETaseWT_pool_3551,12.620907,ge_10
IsPETaseWT_pool_2717,12.617685,ge_10
IsPETaseWT_pool_4774,12.615518,ge_10
IsPETaseWT_pool_3746,12.613719,ge_10
IsPETaseWT_pool_690,12.612255,ge_10
IsPETaseWT_pool_2279,12.611692,ge_10
IsPETaseWT_pool_2768,12.609933,ge_10
IsPETaseWT_pool_4960,12.586169,ge_10
IsPETaseWT_pool_3190,12.584003,ge_10
IsPETaseWT_pool_1279,12.581350,ge_10
IsPETaseWT_pool_3156,12.578544,ge_10
IsPETaseWT_pool_2042,12.549139,ge_10
IsPETaseWT_pool_2611,12.544020,ge_10
IsPETaseWT_pool_1521,12.543648,ge_10
IsPETaseWT_pool_3533,12.539498,ge_10
IsPETaseWT_pool_1873,12.532996,ge_10
IsPETaseWT_pool_209,12.529739,ge_10
IsPETaseWT_pool_4785,12.520038,ge_10
IsPETaseWT_pool_3390,12.498232,ge_10
IsPETaseWT_pool_2829,12.491743,ge_10
IsPETaseWT_pool_4710,12.475401,ge_10
IsPETaseWT_pool_4592,12.460483,ge_10
IsPETaseWT_pool_4035,12.456302,ge_10
IsPETaseWT_pool_2986,12.449267,ge_10
IsPETaseWT_pool_2432,12.439904,ge_10
IsPETaseWT_pool_4587,12.419989,ge_10
IsPETaseWT_pool_2893,12.415977,ge_10
IsPETaseWT_pool_3104,12.411440,ge_10
IsPETaseWT_pool_2308,12.397522,ge_10
IsPETaseWT_pool_1830,12.390173,ge_10
IsPETaseWT_pool_3315,12.381824,ge_10
IsPETaseWT_pool_1098,12.379268,ge_10
IsPETaseWT_pool_678,12.371793,ge_10
IsPETaseWT_pool_1883,12.371046,ge_10
IsPETaseWT_pool_1961,12.370180,ge_10
IsPETaseWT_pool_509,12.363868,ge_10
IsPETaseWT_pool_3937,12.359120,ge_10
IsPETaseWT_pool_3160,12.356013,ge_10
IsPETaseWT_pool_4311,12.353636,ge_10
IsPETaseWT_pool_960,12.344462,ge_10
IsPETaseWT_pool_4978,12.335546,ge_10
IsPETaseWT_pool_1076,12.318282,ge_10
IsPETaseWT_pool_757,12.300971,ge_10
IsPETaseWT_pool_2291,12.300810,ge_10
IsPETaseWT_pool_1954,12.292443,ge_10
IsPETaseWT_pool_3221,12.288719,ge_10
IsPETaseWT_pool_3942,12.278384,ge_10
IsPETaseWT_pool_3610,12.277817,ge_10
IsPETaseWT_pool_1289,12.277240,ge_10
IsPETaseWT_pool_4713,12.277189,ge_10
IsPETaseWT_pool_2229,12.271129,ge_10
IsPETaseWT_pool_2047,12.266685,ge_10
IsPETaseWT_pool_4205,12.248664,ge_10
IsPETaseWT_pool_1170,12.224332,ge_10
IsPETaseWT_pool_1898,12.204468,ge_10
IsPETaseWT_pool_4643,12.204044,ge_10
IsPETaseWT_pool_4972,12.193757,ge_10
IsPETaseWT_pool_4974,12.148548,ge_10
IsPETaseWT_pool_4123,12.142216,ge_10
IsPETaseWT_pool_1261,12.137206,ge_10
IsPETaseWT_pool_617,12.136790,ge_10
IsPETaseWT_pool_4463,12.136615,ge_10
IsPETaseWT_pool_1576,12.135487,ge_10
IsPETaseWT_pool_345,12.129707,ge_10
IsPETaseWT_pool_2927,12.118133,ge_10
IsPETaseWT_pool_3737,12.115789,ge_10
IsPETaseWT_pool_1466,12.114152,ge_10
IsPETaseWT_pool_2221,12.107598,ge_10
IsPETaseWT_pool_3919,12.107117,ge_10
IsPETaseWT_pool_3979,12.102394,ge_10
IsPETaseWT_pool_3896,12.098519,ge_10
IsPETaseWT_pool_2501,12.094266,ge_10
IsPETaseWT_pool_4141,12.067594,ge_10
IsPETaseWT_pool_3959,12.062640,ge_10
IsPETaseWT_pool_665,12.052354,ge_10
IsPETaseWT_pool_4860,12.050603,ge_10
IsPETaseWT_pool_3022,12.037427,ge_10
IsPETaseWT_pool_2833,12.032615,ge_10
IsPETaseWT_pool_2655,12.031233,ge_10
IsPETaseWT_pool_1022,12.016371,ge_10
IsPETaseWT_pool_1712,12.014529,ge_10
IsPETaseWT_pool_811,12.014508,ge_10
IsPETaseWT_pool_4509,11.996001,ge_10
IsPETaseWT_pool_925,11.988147,ge_10
IsPETaseWT_pool_725,11.987545,ge_10
IsPETaseWT_pool_4001,11.986241,ge_10
IsPETaseWT_pool_3428,11.982388,ge_10
IsPETaseWT_pool_1488,11.980976,ge_10
IsPETaseWT_pool_1896,11.979922,ge_10
IsPETaseWT_pool_1872,11.979055,ge_10
IsPETaseWT_pool_2287,11.968871,ge_10
IsPETaseWT_pool_2665,11.968227,ge_10
IsPETaseWT_pool_116,11.947790,ge_10
IsPETaseWT_pool_4798,11.943258,ge_10
IsPETaseWT_pool_1547,11.938930,ge_10
IsPETaseWT_pool_2245,11.934625,ge_10
IsPETaseWT_pool_518,11.932901,ge_10
IsPETaseWT_pool_527,11.932267,ge_10
IsPETaseWT_pool_3387,11.917003,ge_10
IsPETaseWT_pool_4180,11.908137,ge_10
IsPETaseWT_pool_1445,11.882405,ge_10
IsPETaseWT_pool_3678,11.880719,ge_10
IsPETaseWT_pool_1343,11.874763,ge_10
IsPETaseWT_pool_2336,11.868966,ge_10
IsPETaseWT_pool_3847,11.864347,ge_10
IsPETaseWT_pool_4264,11.854799,ge_10
IsPETaseWT_pool_1971,11.842435,ge_10
IsPETaseWT_pool_95,11.842187,ge_10
IsPETaseWT_pool_3033,11.837876,ge_10
IsPETaseWT_pool_3074,11.837338,ge_10
IsPETaseWT_pool_2372,11.836022,ge_10
IsPETaseWT_pool_4583,11.805700,ge_10
IsPETaseWT_pool_4946,11.800052,ge_10
IsPETaseWT_pool_1558,11.795552,ge_10
IsPETaseWT_pool_3090,11.793382,ge_10
IsPETaseWT_pool_2507,11.790480,ge_10
IsPETaseWT_pool_4529,11.785907,ge_10
IsPETaseWT_pool_2235,11.784415,ge_10
IsPETaseWT_pool_4461,11.782006,ge_10
IsPETaseWT_pool_1997,11.775999,ge_10
IsPETaseWT_pool_3324,11.772504,ge_10
IsPETaseWT_pool_3232,11.753230,ge_10
IsPETaseWT_pool_3291,11.741603,ge_10
IsPETaseWT_pool_3312,11.727512,ge_10
IsPETaseWT_pool_4158,11.725603,ge_10
IsPETaseWT_pool_0,11.721973,ge_10
IsPETaseWT_pool_3787,11.700282,ge_10
IsPETaseWT_pool_1920,11.698450,ge_10
IsPETaseWT_pool_1784,11.684587,ge_10
IsPETaseWT_pool_4571,11.683956,ge_10
IsPETaseWT_pool_1814,11.662373,ge_10
IsPETaseWT_pool_3733,11.659247,ge_10
IsPETaseWT_pool_424,11.656440,ge_10
IsPETaseWT_pool_3838,11.650164,ge_10
IsPETaseWT_pool_2075,11.649475,ge_10
IsPETaseWT_pool_3739,11.648846,ge_10
IsPETaseWT_pool_4000,11.646936,ge_10
IsPETaseWT_pool_3516,11.635985,ge_10
IsPETaseWT_pool_4244,11.621367,ge_10
IsPETaseWT_pool_3644,11.619020,ge_10
IsPETaseWT_pool_1609,11.618794,ge_10
IsPETaseWT_pool_1066,11.617863,ge_10
IsPETaseWT_pool_900,11.614240,ge_10
IsPETaseWT_pool_2563,11.611960,ge_10
IsPETaseWT_pool_577,11.611458,ge_10
IsPETaseWT_pool_1599,11.608121,ge_10
IsPETaseWT_pool_3795,11.567541,ge_10
IsPETaseWT_pool_1935,11.567291,ge_10
IsPETaseWT_pool_4910,11.565329,ge_10
IsPETaseWT_pool_4852,11.563760,ge_10
IsPETaseWT_pool_3300,11.544705,ge_10
IsPETaseWT_pool_3475,11.544267,ge_10
IsPETaseWT_pool_4188,11.541396,ge_10
IsPETaseWT_pool_2361,11.539530,ge_10
IsPETaseWT_pool_2852,11.533843,ge_10
IsPETaseWT_pool_239,11.533746,ge_10
IsPETaseWT_pool_2558,11.525451,ge_10
IsPETaseWT_pool_4255,11.519692,ge_10
IsPETaseWT_pool_2227,11.498609,ge_10
IsPETaseWT_pool_560,11.491749,ge_10
IsPETaseWT_pool_525,11.489885,ge_10
IsPETaseWT_pool_2418,11.475677,ge_10
IsPETaseWT_pool_1822,11.475197,ge_10
IsPETaseWT_pool_2115,11.473291,ge_10
IsPETaseWT_pool_3401,11.463130,ge_10
IsPETaseWT_pool_2973,11.461057,ge_10
IsPETaseWT_pool_1766,11.458993,ge_10
IsPETaseWT_pool_2699,11.453816,ge_10
IsPETaseWT_pool_1716,11.447101,ge_10
IsPETaseWT_pool_2470,11.444173,ge_10
IsPETaseWT_pool_187,11.442915,ge_10
IsPETaseWT_pool_1475,11.439536,ge_10
IsPETaseWT_pool_3931,11.436327,ge_10
IsPETaseWT_pool_1682,11.433151,ge_10
IsPETaseWT_pool_2171,11.422594,ge_10
IsPETaseWT_pool_36,11.422472,ge_10
IsPETaseWT_pool_1735,11.421471,ge_10
IsPETaseWT_pool_3975,11.421030,ge_10
IsPETaseWT_pool_3521,11.415682,ge_10
IsPETaseWT_pool_1885,11.400535,ge_10
IsPETaseWT_pool_3851,11.394193,ge_10
IsPETaseWT_pool_2774,11.384446,ge_10
IsPETaseWT_pool_2749,11.383971,ge_10
IsPETaseWT_pool_1132,11.383345,ge_10
IsPETaseWT_pool_1474,11.377889,ge_10
IsPETaseWT_pool_4556,11.377456,ge_10
IsPETaseWT_pool_4551,11.375916,ge_10
IsPETaseWT_pool_4862,11.365494,ge_10
IsPETaseWT_pool_4664,11.364713,ge_10
IsPETaseWT_pool_298,11.364246,ge_10
IsPETaseWT_pool_4916,11.362280,ge_10
IsPETaseWT_pool_613,11.361922,ge_10
IsPETaseWT_pool_3392,11.357436,ge_10
IsPETaseWT_pool_2732,11.355846,ge_10
IsPETaseWT_pool_1642,11.355382,ge_10
IsPETaseWT_pool_1901,11.354359,ge_10
IsPETaseWT_pool_1918,11.348742,ge_10
IsPETaseWT_pool_861,11.345171,ge_10
IsPETaseWT_pool_716,11.332063,ge_10
IsPETaseWT_pool_563,11.325926,ge_10
IsPETaseWT_pool_2366,11.318829,ge_10
IsPETaseWT_pool_886,11.318769,ge_10
IsPETaseWT_pool_4291,11.314643,ge_10
IsPETaseWT_pool_3890,11.310266,ge_10
IsPETaseWT_pool_150,11.310175,ge_10
IsPETaseWT_pool_4562,11.294211,ge_10
IsPETaseWT_pool_143,11.293817,ge_10
IsPETaseWT_pool_4825,11.290190,ge_10
IsPETaseWT_pool_432,11.289947,ge_10
IsPETaseWT_pool_3166,11.288506,ge_10
IsPETaseWT_pool_2603,11.288019,ge_10
IsPETaseWT_pool_4851,11.285361,ge_10
IsPETaseWT_pool_2601,11.278591,ge_10
IsPETaseWT_pool_4975,11.271530,ge_10
IsPETaseWT_pool_2721,11.271265,ge_10
IsPETaseWT_pool_1884,11.265069,ge_10
IsPETaseWT_pool_3932,11.260658,ge_10
IsPETaseWT_pool_2179,11.259393,ge_10
IsPETaseWT_pool_3893,11.256983,ge_10
IsPETaseWT_pool_4298,11.254249,ge_10
IsPETaseWT_pool_4455,11.246644,ge_10
IsPETaseWT_pool_538,11.246023,ge_10
IsPETaseWT_pool_1516,11.242199,ge_10
IsPETaseWT_pool_2862,11.238971,ge_10
IsPETaseWT_pool_888,11.234068,ge_10
IsPETaseWT_pool_3226,11.233890,ge_10
IsPETaseWT_pool_4401,11.227376,ge_10
IsPETaseWT_pool_1055,11.226394,ge_10
IsPETaseWT_pool_947,11.219798,ge_10
IsPETaseWT_pool_4130,11.215179,ge_10
IsPETaseWT_pool_1500,11.214199,ge_10
IsPETaseWT_pool_1465,11.212690,ge_10
IsPETaseWT_pool_2055,11.210670,ge_10
IsPETaseWT_pool_3323,11.196711,ge_10
IsPETaseWT_pool_196,11.195704,ge_10
IsPETaseWT_pool_3757,11.189095,ge_10
IsPETaseWT_pool_1010,11.188328,ge_10
IsPETaseWT_pool_2447,11.177894,ge_10
IsPETaseWT_pool_4423,11.173353,ge_10
IsPETaseWT_pool_1931,11.172542,ge_10
IsPETaseWT_pool_4312,11.165289,ge_10
IsPETaseWT_pool_719,11.161456,ge_10
IsPETaseWT_pool_2653,11.150178,ge_10
IsPETaseWT_pool_1785,11.147974,ge_10
IsPETaseWT_pool_2456,11.144803,ge_10
IsPETaseWT_pool_2350,11.140993,ge_10
IsPETaseWT_pool_1376,11.138803,ge_10
IsPETaseWT_pool_4723,11.127662,ge_10
IsPETaseWT_pool_904,11.125810,ge_10
IsPETaseWT_pool_997,11.122667,ge_10
IsPETaseWT_pool_635,11.121410,ge_10
IsPETaseWT_pool_423,11.120639,ge_10
IsPETaseWT_pool_4712,11.117108,ge_10
IsPETaseWT_pool_327,11.114965,ge_10
IsPETaseWT_pool_1434,11.099678,ge_10
IsPETaseWT_pool_1789,11.098194,ge_10
IsPETaseWT_pool_219,11.089867,ge_10
IsPETaseWT_pool_4590,11.087793,ge_10
IsPETaseWT_pool_56,11.087045,ge_10
IsPETaseWT_pool_2847,11.084233,ge_10
IsPETaseWT_pool_1410,11.080427,ge_10
IsPETaseWT_pool_4363,11.075967,ge_10
IsPETaseWT_pool_781,11.073053,ge_10
IsPETaseWT_pool_320,11.066719,ge_10
IsPETaseWT_pool_2669,11.066566,ge_10
IsPETaseWT_pool_3865,11.066208,ge_10
IsPETaseWT_pool_1562,11.065274,ge_10
IsPETaseWT_pool_4064,11.056237,ge_10
IsPETaseWT_pool_3306,11.054262,ge_10
IsPETaseWT_pool_4896,11.040770,ge_10
IsPETaseWT_pool_890,11.037990,ge_10
IsPETaseWT_pool_463,11.037187,ge_10
IsPETaseWT_pool_4789,11.036486,ge_10
IsPETaseWT_pool_2368,11.034598,ge_10
IsPETaseWT_pool_2878,11.027284,ge_10
IsPETaseWT_pool_4645,11.026929,ge_10
IsPETaseWT_pool_4830,11.023440,ge_10
IsPETaseWT_pool_2338,11.022945,ge_10
IsPETaseWT_pool_1667,11.007636,ge_10
IsPETaseWT_pool_1686,11.004224,ge_10
IsPETaseWT_pool_746,10.999953,ge_10
IsPETaseWT_pool_1871,10.996274,ge_10
IsPETaseWT_pool_243,10.991171,ge_10
IsPETaseWT_pool_4682,10.985551,ge_10
IsPETaseWT_pool_4414,10.979617,ge_10
IsPETaseWT_pool_1048,10.979454,ge_10
IsPETaseWT_pool_338,10.972944,ge_10
IsPETaseWT_pool_3211,10.971713,ge_10
IsPETaseWT_pool_3706,10.966622,ge_10
IsPETaseWT_pool_4406,10.953250,ge_10
IsPETaseWT_pool_1723,10.951941,ge_10
IsPETaseWT_pool_1494,10.951716,ge_10
IsPETaseWT_pool_277,10.946487,ge_10
IsPETaseWT_pool_592,10.935211,ge_10
IsPETaseWT_pool_4297,10.925155,ge_10
IsPETaseWT_pool_2492,10.922529,ge_10
IsPETaseWT_pool_3788,10.919679,ge_10
IsPETaseWT_pool_127,10.911056,ge_10
IsPETaseWT_pool_2869,10.909009,ge_10
IsPETaseWT_pool_4280,10.902438,ge_10
IsPETaseWT_pool_1799,10.901643,ge_10
IsPETaseWT_pool_182,10.901397,ge_10
IsPETaseWT_pool_445,10.899813,ge_10
IsPETaseWT_pool_2062,10.898363,ge_10
IsPETaseWT_pool_4512,10.885904,ge_10
IsPETaseWT_pool_2403,10.883744,ge_10
IsPETaseWT_pool_2859,10.883722,ge_10
IsPETaseWT_pool_2812,10.880809,ge_10
IsPETaseWT_pool_2036,10.879572,ge_10
IsPETaseWT_pool_2357,10.878948,ge_10
IsPETaseWT_pool_1974,10.875731,ge_10
IsPETaseWT_pool_2155,10.871908,ge_10
IsPETaseWT_pool_2694,10.870885,ge_10
IsPETaseWT_pool_2676,10.866071,ge_10
IsPETaseWT_pool_3602,10.862236,ge_10
IsPETaseWT_pool_2517,10.853240,ge_10
IsPETaseWT_pool_1930,10.851215,ge_10
IsPETaseWT_pool_288,10.844347,ge_10
IsPETaseWT_pool_2870,10.842179,ge_10
IsPETaseWT_pool_1811,10.840772,ge_10
IsPETaseWT_pool_1486,10.840726,ge_10
IsPETaseWT_pool_3963,10.839980,ge_10
IsPETaseWT_pool_2428,10.836355,ge_10
IsPETaseWT_pool_78,10.832392,ge_10
IsPETaseWT_pool_1028,10.830943,ge_10
IsPETaseWT_pool_2225,10.830123,ge_10
IsPETaseWT_pool_4230,10.829816,ge_10
IsPETaseWT_pool_4840,10.826328,ge_10
IsPETaseWT_pool_4675,10.822264,ge_10
IsPETaseWT_pool_1045,10.819569,ge_10
IsPETaseWT_pool_4596,10.818089,ge_10
IsPETaseWT_pool_1719,10.816850,ge_10
IsPETaseWT_pool_4434,10.812237,ge_10
IsPETaseWT_pool_1322,10.810311,ge_10
IsPETaseWT_pool_1632,10.809935,ge_10
IsPETaseWT_pool_1644,10.808323,ge_10
IsPETaseWT_pool_4591,10.799311,ge_10
IsPETaseWT_pool_2882,10.794270,ge_10
IsPETaseWT_pool_1820,10.791943,ge_10
IsPETaseWT_pool_1159,10.791645,ge_10
IsPETaseWT_pool_90,10.785130,ge_10
IsPETaseWT_pool_2605,10.777035,ge_10
IsPETaseWT_pool_3943,10.773736,ge_10
IsPETaseWT_pool_1065,10.768712,ge_10
IsPETaseWT_pool_4764,10.763433,ge_10
IsPETaseWT_pool_403,10.754555,ge_10
IsPETaseWT_pool_4405,10.748283,ge_10
IsPETaseWT_pool_4236,10.747204,ge_10
IsPETaseWT_pool_4565,10.742756,ge_10
IsPETaseWT_pool_829,10.735201,ge_10
IsPETaseWT_pool_3227,10.732590,ge_10
IsPETaseWT_pool_2887,10.730343,ge_10
IsPETaseWT_pool_3929,10.723140,ge_10
IsPETaseWT_pool_3535,10.722678,ge_10
IsPETaseWT_pool_761,10.709607,ge_10
IsPETaseWT_pool_2740,10.707773,ge_10
IsPETaseWT_pool_4191,10.707356,ge_10
IsPETaseWT_pool_4984,10.703121,ge_10
IsPETaseWT_pool_318,10.697387,ge_10
IsPETaseWT_pool_2268,10.695956,ge_10
IsPETaseWT_pool_3844,10.691663,ge_10
IsPETaseWT_pool_4884,10.674783,ge_10
IsPETaseWT_pool_2786,10.674043,ge_10
IsPETaseWT_pool_2005,10.672964,ge_10
IsPETaseWT_pool_3295,10.665006,ge_10
IsPETaseWT_pool_1285,10.661991,ge_10
IsPETaseWT_pool_2121,10.644050,ge_10
IsPETaseWT_pool_415,10.638794,ge_10
IsPETaseWT_pool_1507,10.638607,ge_10
IsPETaseWT_pool_4261,10.637699,ge_10
IsPETaseWT_pool_2297,10.636440,ge_10
IsPETaseWT_pool_1744,10.636369,ge_10
IsPETaseWT_pool_2509,10.632657,ge_10
IsPETaseWT_pool_3111,10.629781,ge_10
IsPETaseWT_pool_985,10.629212,ge_10
IsPETaseWT_pool_3832,10.625366,ge_10
IsPETaseWT_pool_4421,10.623256,ge_10
IsPETaseWT_pool_3646,10.620021,ge_10
IsPETaseWT_pool_447,10.616579,ge_10
IsPETaseWT_pool_3359,10.613439,ge_10
IsPETaseWT_pool_4653,10.612785,ge_10
IsPETaseWT_pool_2188,10.608261,ge_10
IsPETaseWT_pool_1324,10.603497,ge_10
IsPETaseWT_pool_2363,10.603083,ge_10
IsPETaseWT_pool_1732,10.602284,ge_10
IsPETaseWT_pool_2791,10.601857,ge_10
IsPETaseWT_pool_2771,10.599283,ge_10
IsPETaseWT_pool_4855,10.598734,ge_10
IsPETaseWT_pool_4842,10.594807,ge_10
IsPETaseWT_pool_2545,10.594005,ge_10
IsPETaseWT_pool_4920,10.592293,ge_10
IsPETaseWT_pool_18,10.586611,ge_10
IsPETaseWT_pool_4633,10.574712,ge_10
IsPETaseWT_pool_3572,10.565163,ge_10
IsPETaseWT_pool_257,10.559175,ge_10
IsPETaseWT_pool_4190,10.557609,ge_10
IsPETaseWT_pool_216,10.553858,ge_10
IsPETaseWT_pool_1643,10.551613,ge_10
IsPETaseWT_pool_3688,10.542917,ge_10
IsPETaseWT_pool_3680,10.542908,ge_10
IsPETaseWT_pool_3177,10.542324,ge_10
IsPETaseWT_pool_2641,10.532455,ge_10
IsPETaseWT_pool_3536,10.531441,ge_10
IsPETaseWT_pool_4876,10.528957,ge_10
IsPETaseWT_pool_3325,10.520893,ge_10
IsPETaseWT_pool_3203,10.518284,ge_10
IsPETaseWT_pool_1824,10.513142,ge_10
IsPETaseWT_pool_1059,10.513017,ge_10
IsPETaseWT_pool_64,10.510173,ge_10
IsPETaseWT_pool_4159,10.510029,ge_10
IsPETaseWT_pool_3110,10.501159,ge_10
IsPETaseWT_pool_2733,10.500076,ge_10
IsPETaseWT_pool_1189,10.497924,ge_10
IsPETaseWT_pool_4113,10.497061,ge_10
IsPETaseWT_pool_4918,10.496579,ge_10
IsPETaseWT_pool_965,10.493508,ge_10
IsPETaseWT_pool_849,10.490672,ge_10
IsPETaseWT_pool_4197,10.487682,ge_10
IsPETaseWT_pool_2946,10.485187,ge_10
IsPETaseWT_pool_2532,10.480617,ge_10
IsPETaseWT_pool_4907,10.469314,ge_10
IsPETaseWT_pool_1512,10.466366,ge_10
IsPETaseWT_pool_4593,10.463008,ge_10
IsPETaseWT_pool_3664,10.461315,ge_10
IsPETaseWT_pool_4388,10.453480,ge_10
IsPETaseWT_pool_1077,10.451454,ge_10
IsPETaseWT_pool_1630,10.449567,ge_10
IsPETaseWT_pool_2828,10.448700,ge_10
IsPETaseWT_pool_4897,10.448077,ge_10
IsPETaseWT_pool_4039,10.439313,ge_10
IsPETaseWT_pool_2677,10.438208,ge_10
IsPETaseWT_pool_2282,10.431713,ge_10
IsPETaseWT_pool_3200,10.426547,ge_10
IsPETaseWT_pool_1215,10.422988,ge_10
IsPETaseWT_pool_2970,10.419839,ge_10
IsPETaseWT_pool_663,10.419532,ge_10
IsPETaseWT_pool_844,10.417211,ge_10
IsPETaseWT_pool_3956,10.403139,ge_10
IsPETaseWT_pool_2822,10.399977,ge_10
IsPETaseWT_pool_4630,10.399488,ge_10
IsPETaseWT_pool_392,10.399353,ge_10
IsPETaseWT_pool_4051,10.397085,ge_10
IsPETaseWT_pool_1772,10.394821,ge_10
IsPETaseWT_pool_4683,10.392604,ge_10
IsPETaseWT_pool_3084,10.388117,ge_10
IsPETaseWT_pool_4027,10.383686,ge_10
IsPETaseWT_pool_3427,10.382886,ge_10
IsPETaseWT_pool_2163,10.378499,ge_10
IsPETaseWT_pool_3310,10.375386,ge_10
IsPETaseWT_pool_4353,10.371454,ge_10
IsPETaseWT_pool_2315,10.362690,ge_10
IsPETaseWT_pool_1911,10.362338,ge_10
IsPETaseWT_pool_4155,10.359060,ge_10
IsPETaseWT_pool_4169,10.352445,ge_10
IsPETaseWT_pool_3764,10.351653,ge_10
IsPETaseWT_pool_137,10.349719,ge_10
IsPETaseWT_pool_2178,10.346400,ge_10
IsPETaseWT_pool_1078,10.344643,ge_10
IsPETaseWT_pool_372,10.343316,ge_10
IsPETaseWT_pool_273,10.342604,ge_10
IsPETaseWT_pool_4029,10.335970,ge_10
IsPETaseWT_pool_4635,10.335470,ge_10
IsPETaseWT_pool_2637,10.332622,ge_10
IsPETaseWT_pool_1391,10.329770,ge_10
IsPETaseWT_pool_3386,10.326917,ge_10
IsPETaseWT_pool_4066,10.324089,ge_10
IsPETaseWT_pool_573,10.315136,ge_10
IsPETaseWT_pool_4893,10.306581,ge_10
IsPETaseWT_pool_828,10.305743,ge_10
IsPETaseWT_pool_4062,10.305204,ge_10
IsPETaseWT_pool_2633,10.304059,ge_10
IsPETaseWT_pool_4625,10.297517,ge_10
IsPETaseWT_pool_1945,10.278212,ge_10
IsPETaseWT_pool_2632,10.272876,ge_10
IsPETaseWT_pool_4816,10.272086,ge_10
IsPETaseWT_pool_1994,10.268401,ge_10
IsPETaseWT_pool_696,10.266940,ge_10
IsPETaseWT_pool_362,10.266015,ge_10
IsPETaseWT_pool_451,10.259297,ge_10
IsPETaseWT_pool_3783,10.256043,ge_10
IsPETaseWT_pool_384,10.255598,ge_10
IsPETaseWT_pool_1851,10.255239,ge_10
IsPETaseWT_pool_1071,10.252456,ge_10
IsPETaseWT_pool_2735,10.247900,ge_10
IsPETaseWT_pool_1827,10.242309,ge_10
IsPETaseWT_pool_505,10.239376,ge_10
IsPETaseWT_pool_1782,10.224966,ge_10
IsPETaseWT_pool_1188,10.222966,ge_10
IsPETaseWT_pool_1120,10.216775,ge_10
IsPETaseWT_pool_3550,10.214693,ge_10
IsPETaseWT_pool_2929,10.214524,ge_10
IsPETaseWT_pool_3819,10.204678,ge_10
IsPETaseWT_pool_3331,10.203733,ge_10
IsPETaseWT_pool_3498,10.202254,ge_10
IsPETaseWT_pool_4821,10.200809,ge_10
IsPETaseWT_pool_2127,10.198656,ge_10
IsPETaseWT_pool_3772,10.198612,ge_10
IsPETaseWT_pool_3534,10.195485,ge_10
IsPETaseWT_pool_3615,10.193656,ge_10
IsPETaseWT_pool_1237,10.184862,ge_10
IsPETaseWT_pool_3321,10.181252,ge_10
IsPETaseWT_pool_2618,10.173771,ge_10
IsPETaseWT_pool_1061,10.171614,ge_10
IsPETaseWT_pool_3575,10.171474,ge_10
IsPETaseWT_pool_3092,10.170107,ge_10
IsPETaseWT_pool_4208,10.170094,ge_10
IsPETaseWT_pool_4836,10.167168,ge_10
IsPETaseWT_pool_356,10.162676,ge_10
IsPETaseWT_pool_4688,10.162467,ge_10
IsPETaseWT_pool_398,10.162393,ge_10
IsPETaseWT_pool_4442,10.160260,ge_10
IsPETaseWT_pool_2969,10.156810,ge_10
IsPETaseWT_pool_2944,10.156345,ge_10
IsPETaseWT_pool_1928,10.155789,ge_10
IsPETaseWT_pool_4711,10.149404,ge_10
IsPETaseWT_pool_4396,10.143068,ge_10
IsPETaseWT_pool_3409,10.142491,ge_10
IsPETaseWT_pool_4486,10.139857,ge_10
IsPETaseWT_pool_783,10.139561,ge_10
IsPETaseWT_pool_4869,10.138720,ge_10
IsPETaseWT_pool_2,10.134279,ge_10
IsPETaseWT_pool_3210,10.126231,ge_10
IsPETaseWT_pool_297,10.117069,ge_10
IsPETaseWT_pool_4692,10.111413,ge_10
IsPETaseWT_pool_3769,10.107649,ge_10
IsPETaseWT_pool_855,10.106957,ge_10
IsPETaseWT_pool_3921,10.106650,ge_10
IsPETaseWT_pool_674,10.105682,ge_10
IsPETaseWT_pool_4652,10.103055,ge_10
IsPETaseWT_pool_4330,10.096466,ge_10
IsPETaseWT_pool_3960,10.095203,ge_10
IsPETaseWT_pool_2367,10.090544,ge_10
IsPETaseWT_pool_2793,10.089206,ge_10
IsPETaseWT_pool_3132,10.088889,ge_10
IsPETaseWT_pool_1765,10.086586,ge_10
IsPETaseWT_pool_780,10.085145,ge_10
IsPETaseWT_pool_3920,10.084462,ge_10
IsPETaseWT_pool_1006,10.083353,ge_10
IsPETaseWT_pool_2552,10.080085,ge_10
IsPETaseWT_pool_3911,10.078739,ge_10
IsPETaseWT_pool_3274,10.077326,ge_10
IsPETaseWT_pool_4326,10.070602,ge_10
IsPETaseWT_pool_3184,10.065622,ge_10
IsPETaseWT_pool_3172,10.065574,ge_10
IsPETaseWT_pool_2019,10.065372,ge_10
IsPETaseWT_pool_4962,10.063771,ge_10
IsPETaseWT_pool_2454,10.061549,ge_10
IsPETaseWT_pool_2811,10.056158,ge_10
IsPETaseWT_pool_1229,10.054811,ge_10
IsPETaseWT_pool_3322,10.050148,ge_10
IsPETaseWT_pool_1023,10.049474,ge_10
IsPETaseWT_pool_1035,10.046184,ge_10
IsPETaseWT_pool_819,10.043529,ge_10
IsPETaseWT_pool_810,10.033012,ge_10
IsPETaseWT_pool_3983,10.030723,ge_10
IsPETaseWT_pool_3019,10.027522,ge_10
IsPETaseWT_pool_4034,10.025494,ge_10
IsPETaseWT_pool_3493,10.025115,ge_10
IsPETaseWT_pool_3828,10.018613,ge_10
IsPETaseWT_pool_2850,10.018594,ge_10
IsPETaseWT_pool_2692,10.018225,ge_10
IsPETaseWT_pool_1472,10.017747,ge_10
IsPETaseWT_pool_1163,10.013871,ge_10
IsPETaseWT_pool_2425,10.008719,ge_10
IsPETaseWT_pool_3954,10.000851,ge_10
IsPETaseWT_pool_1899,10.000363,ge_10
