id,ddg,scorefile
IsPETaseWT_pool_10239,439.68333333333317,IsPETaseWT_pool_10239.ddg
IsPETaseWT_pool_10217,31.13266666666675,IsPETaseWT_pool_10217.ddg
IsPETaseWT_pool_10050,43.375000000000114,IsPETaseWT_pool_10050.ddg
IsPETaseWT_pool_10314,41.5153333333335,IsPETaseWT_pool_10314.ddg
IsPETaseWT_pool_10305,24.5003333333334,IsPETaseWT_pool_10305.ddg
IsPETaseWT_pool_10257,67.0469999999998,IsPETaseWT_pool_10257.ddg
IsPETaseWT_pool_10058,57.30000000000007,IsPETaseWT_pool_10058.ddg
IsPETaseWT_pool_10013,633.4833333333333,IsPETaseWT_pool_10013.ddg
IsPETaseWT_pool_1020,59.8133333333335,IsPETaseWT_pool_1020.ddg
IsPETaseWT_pool_10199,12.589333333333343,IsPETaseWT_pool_10199.ddg
IsPETaseWT_pool_10111,12.915333333333365,IsPETaseWT_pool_10111.ddg
IsPETaseWT_pool_10135,85.94100000000026,IsPETaseWT_pool_10135.ddg
IsPETaseWT_pool_10113,22.859666666666612,IsPETaseWT_pool_10113.ddg
IsPETaseWT_pool_10128,23.37966666666648,IsPETaseWT_pool_10128.ddg
IsPETaseWT_pool_10268,637.0673333333334,IsPETaseWT_pool_10268.ddg
IsPETaseWT_pool_10273,-1.9400000000000546,IsPETaseWT_pool_10273.ddg
IsPETaseWT_pool_1034,18.065333333333456,IsPETaseWT_pool_1034.ddg
IsPETaseWT_pool_10534,601.490666666667,IsPETaseWT_pool_10534.ddg
IsPETaseWT_pool_10353,13.870000000000005,IsPETaseWT_pool_10353.ddg
IsPETaseWT_pool_10458,-71.33966666666663,IsPETaseWT_pool_10458.ddg
IsPETaseWT_pool_10928,5.450666666666848,IsPETaseWT_pool_10928.ddg
IsPETaseWT_pool_10544,11.344000000000051,IsPETaseWT_pool_10544.ddg
IsPETaseWT_pool_10489,612.7186666666669,IsPETaseWT_pool_10489.ddg
IsPETaseWT_pool_10927,45.909000000000106,IsPETaseWT_pool_10927.ddg
IsPETaseWT_pool_11279,16.46466666666663,IsPETaseWT_pool_11279.ddg
IsPETaseWT_pool_11983,414.25800000000004,IsPETaseWT_pool_11983.ddg
IsPETaseWT_pool_11293,42.15933333333339,IsPETaseWT_pool_11293.ddg
IsPETaseWT_pool_10595,16.3900000000001,IsPETaseWT_pool_10595.ddg
IsPETaseWT_pool_11367,22.69433333333336,IsPETaseWT_pool_11367.ddg
IsPETaseWT_pool_11162,16.420999999999935,IsPETaseWT_pool_11162.ddg
IsPETaseWT_pool_11291,79.79799999999989,IsPETaseWT_pool_11291.ddg
IsPETaseWT_pool_10886,18.613000000000056,IsPETaseWT_pool_10886.ddg
IsPETaseWT_pool_11218,619.6879999999999,IsPETaseWT_pool_11218.ddg
IsPETaseWT_pool_11246,77.80033333333336,IsPETaseWT_pool_11246.ddg
IsPETaseWT_pool_11532,601.0716666666667,IsPETaseWT_pool_11532.ddg
IsPETaseWT_pool_11556,46.24033333333318,IsPETaseWT_pool_11556.ddg
IsPETaseWT_pool_12039,595.9833333333331,IsPETaseWT_pool_12039.ddg
IsPETaseWT_pool_12628,619.8266666666665,IsPETaseWT_pool_12628.ddg
IsPETaseWT_pool_11563,68.03466666666668,IsPETaseWT_pool_11563.ddg
IsPETaseWT_pool_11557,19.34466666666674,IsPETaseWT_pool_11557.ddg
IsPETaseWT_pool_11662,19.87566666666669,IsPETaseWT_pool_11662.ddg
IsPETaseWT_pool_12914,27.147666666666737,IsPETaseWT_pool_12914.ddg
IsPETaseWT_pool_12273,57.610000000000014,IsPETaseWT_pool_12273.ddg
IsPETaseWT_pool_12219,9.783999999999992,IsPETaseWT_pool_12219.ddg
IsPETaseWT_pool_12162,-1.397666666666737,IsPETaseWT_pool_12162.ddg
IsPETaseWT_pool_13128,392.8756666666666,IsPETaseWT_pool_13128.ddg
IsPETaseWT_pool_1229,-114.42733333333331,IsPETaseWT_pool_1229.ddg
IsPETaseWT_pool_11920,584.262,IsPETaseWT_pool_11920.ddg
IsPETaseWT_pool_12465,625.0863333333334,IsPETaseWT_pool_12465.ddg
IsPETaseWT_pool_11896,607.5273333333334,IsPETaseWT_pool_11896.ddg
IsPETaseWT_pool_12385,604.8653333333334,IsPETaseWT_pool_12385.ddg
IsPETaseWT_pool_12206,44.60400000000004,IsPETaseWT_pool_12206.ddg
IsPETaseWT_pool_12347,0.19000000000005457,IsPETaseWT_pool_12347.ddg
IsPETaseWT_pool_12530,604.5796666666664,IsPETaseWT_pool_12530.ddg
IsPETaseWT_pool_12532,57.11500000000001,IsPETaseWT_pool_12532.ddg
IsPETaseWT_pool_12654,604.4186666666669,IsPETaseWT_pool_12654.ddg
IsPETaseWT_pool_1299,32.19633333333309,IsPETaseWT_pool_1299.ddg
IsPETaseWT_pool_12686,625.2539999999999,IsPETaseWT_pool_12686.ddg
IsPETaseWT_pool_12678,431.34166666666647,IsPETaseWT_pool_12678.ddg
IsPETaseWT_pool_13066,81.80633333333333,IsPETaseWT_pool_13066.ddg
IsPETaseWT_pool_12963,25.181999999999903,IsPETaseWT_pool_12963.ddg
IsPETaseWT_pool_13248,6.733000000000175,IsPETaseWT_pool_13248.ddg
IsPETaseWT_pool_13154,-1.0026666666666415,IsPETaseWT_pool_13154.ddg
IsPETaseWT_pool_13300,619.1020000000003,IsPETaseWT_pool_13300.ddg
IsPETaseWT_pool_13188,-87.57400000000007,IsPETaseWT_pool_13188.ddg
IsPETaseWT_pool_13262,614.0866666666667,IsPETaseWT_pool_13262.ddg
IsPETaseWT_pool_13240,37.412000000000035,IsPETaseWT_pool_13240.ddg
IsPETaseWT_pool_13326,1.1353333333332785,IsPETaseWT_pool_13326.ddg
IsPETaseWT_pool_13385,7.606666666666797,IsPETaseWT_pool_13385.ddg
IsPETaseWT_pool_13460,9.176333333333105,IsPETaseWT_pool_13460.ddg
IsPETaseWT_pool_13607,31.32466666666687,IsPETaseWT_pool_13607.ddg
IsPETaseWT_pool_13455,10.598333333333358,IsPETaseWT_pool_13455.ddg
IsPETaseWT_pool_13531,110.21299999999997,IsPETaseWT_pool_13531.ddg
IsPETaseWT_pool_1354,619.8526666666667,IsPETaseWT_pool_1354.ddg
IsPETaseWT_pool_14454,18.6396666666667,IsPETaseWT_pool_14454.ddg
IsPETaseWT_pool_13614,71.73333333333346,IsPETaseWT_pool_13614.ddg
IsPETaseWT_pool_13807,26.962333333333504,IsPETaseWT_pool_13807.ddg
IsPETaseWT_pool_14621,49.33866666666677,IsPETaseWT_pool_14621.ddg
IsPETaseWT_pool_13800,9.638666666666722,IsPETaseWT_pool_13800.ddg
IsPETaseWT_pool_13699,36.13333333333321,IsPETaseWT_pool_13699.ddg
IsPETaseWT_pool_13831,29.249000000000137,IsPETaseWT_pool_13831.ddg
IsPETaseWT_pool_13839,620.9849999999999,IsPETaseWT_pool_13839.ddg
IsPETaseWT_pool_13856,43.61866666666674,IsPETaseWT_pool_13856.ddg
IsPETaseWT_pool_14047,644.3200000000002,IsPETaseWT_pool_14047.ddg
IsPETaseWT_pool_13934,64.3323333333334,IsPETaseWT_pool_13934.ddg
IsPETaseWT_pool_14164,8.886333333333596,IsPETaseWT_pool_14164.ddg
IsPETaseWT_pool_14221,-4.156666666666524,IsPETaseWT_pool_14221.ddg
IsPETaseWT_pool_14466,704.9373333333335,IsPETaseWT_pool_14466.ddg
IsPETaseWT_pool_15082,71.20100000000002,IsPETaseWT_pool_15082.ddg
IsPETaseWT_pool_15124,41.22100000000012,IsPETaseWT_pool_15124.ddg
IsPETaseWT_pool_14328,33.39433333333341,IsPETaseWT_pool_14328.ddg
IsPETaseWT_pool_14344,596.1743333333332,IsPETaseWT_pool_14344.ddg
IsPETaseWT_pool_14237,600.4066666666668,IsPETaseWT_pool_14237.ddg
IsPETaseWT_pool_14428,115.61666666666679,IsPETaseWT_pool_14428.ddg
IsPETaseWT_pool_14601,606.4259999999999,IsPETaseWT_pool_14601.ddg
IsPETaseWT_pool_1476,599.5846666666671,IsPETaseWT_pool_1476.ddg
IsPETaseWT_pool_14712,94.35366666666653,IsPETaseWT_pool_14712.ddg
IsPETaseWT_pool_14827,596.29,IsPETaseWT_pool_14827.ddg
IsPETaseWT_pool_14676,22.041666666666515,IsPETaseWT_pool_14676.ddg
IsPETaseWT_pool_14717,592.9180000000001,IsPETaseWT_pool_14717.ddg
IsPETaseWT_pool_14844,30.302666666666823,IsPETaseWT_pool_14844.ddg
IsPETaseWT_pool_14765,42.19933333333324,IsPETaseWT_pool_14765.ddg
IsPETaseWT_pool_15590,633.231,IsPETaseWT_pool_15590.ddg
IsPETaseWT_pool_1529,50.52099999999996,IsPETaseWT_pool_1529.ddg
IsPETaseWT_pool_14962,31.677666666666482,IsPETaseWT_pool_14962.ddg
IsPETaseWT_pool_15728,586.004,IsPETaseWT_pool_15728.ddg
IsPETaseWT_pool_15275,3.507000000000062,IsPETaseWT_pool_15275.ddg
IsPETaseWT_pool_15266,627.8586666666667,IsPETaseWT_pool_15266.ddg
IsPETaseWT_pool_15026,-124.2063333333333,IsPETaseWT_pool_15026.ddg
IsPETaseWT_pool_15146,-3.1923333333334085,IsPETaseWT_pool_15146.ddg
IsPETaseWT_pool_15058,-2.2813333333333503,IsPETaseWT_pool_15058.ddg
IsPETaseWT_pool_15299,22.59866666666676,IsPETaseWT_pool_15299.ddg
IsPETaseWT_pool_15401,697.6116666666667,IsPETaseWT_pool_15401.ddg
IsPETaseWT_pool_15434,18.00666666666666,IsPETaseWT_pool_15434.ddg
IsPETaseWT_pool_15474,48.72966666666662,IsPETaseWT_pool_15474.ddg
IsPETaseWT_pool_15397,21.842333333333272,IsPETaseWT_pool_15397.ddg
IsPETaseWT_pool_15517,31.51066666666668,IsPETaseWT_pool_15517.ddg
IsPETaseWT_pool_1563,617.7800000000001,IsPETaseWT_pool_1563.ddg
IsPETaseWT_pool_15556,85.88533333333339,IsPETaseWT_pool_15556.ddg
IsPETaseWT_pool_15842,649.9219999999998,IsPETaseWT_pool_15842.ddg
IsPETaseWT_pool_1556,5.924333333333152,IsPETaseWT_pool_1556.ddg
IsPETaseWT_pool_15693,600.4536666666668,IsPETaseWT_pool_15693.ddg
IsPETaseWT_pool_1578,84.41366666666681,IsPETaseWT_pool_1578.ddg
IsPETaseWT_pool_15906,24.290999999999826,IsPETaseWT_pool_15906.ddg
IsPETaseWT_pool_15849,33.69433333333336,IsPETaseWT_pool_15849.ddg
IsPETaseWT_pool_16065,32.77866666666682,IsPETaseWT_pool_16065.ddg
IsPETaseWT_pool_16025,117.67399999999998,IsPETaseWT_pool_16025.ddg
IsPETaseWT_pool_15883,593.0563333333332,IsPETaseWT_pool_15883.ddg
IsPETaseWT_pool_16099,4.538333333333185,IsPETaseWT_pool_16099.ddg
IsPETaseWT_pool_16106,416.4749999999999,IsPETaseWT_pool_16106.ddg
IsPETaseWT_pool_16151,34.11500000000001,IsPETaseWT_pool_16151.ddg
IsPETaseWT_pool_16378,632.0723333333333,IsPETaseWT_pool_16378.ddg
IsPETaseWT_pool_16245,443.15166666666687,IsPETaseWT_pool_16245.ddg
IsPETaseWT_pool_16149,47.12966666666671,IsPETaseWT_pool_16149.ddg
IsPETaseWT_pool_16364,93.44699999999989,IsPETaseWT_pool_16364.ddg
IsPETaseWT_pool_16584,611.4069999999998,IsPETaseWT_pool_16584.ddg
IsPETaseWT_pool_16552,-95.11599999999999,IsPETaseWT_pool_16552.ddg
IsPETaseWT_pool_16636,593.7466666666667,IsPETaseWT_pool_16636.ddg
IsPETaseWT_pool_16483,74.59833333333336,IsPETaseWT_pool_16483.ddg
IsPETaseWT_pool_16602,47.34100000000001,IsPETaseWT_pool_16602.ddg
IsPETaseWT_pool_16774,615.4759999999999,IsPETaseWT_pool_16774.ddg
IsPETaseWT_pool_17387,598.1743333333332,IsPETaseWT_pool_17387.ddg
IsPETaseWT_pool_16722,19.763000000000147,IsPETaseWT_pool_16722.ddg
IsPETaseWT_pool_16823,0.6196666666666033,IsPETaseWT_pool_16823.ddg
IsPETaseWT_pool_16843,93.01433333333318,IsPETaseWT_pool_16843.ddg
IsPETaseWT_pool_16849,608.9306666666666,IsPETaseWT_pool_16849.ddg
IsPETaseWT_pool_16834,599.6850000000002,IsPETaseWT_pool_16834.ddg
IsPETaseWT_pool_16895,2.4936666666667406,IsPETaseWT_pool_16895.ddg
IsPETaseWT_pool_16943,604.0253333333333,IsPETaseWT_pool_16943.ddg
IsPETaseWT_pool_17128,63.27066666666667,IsPETaseWT_pool_17128.ddg
IsPETaseWT_pool_17016,78.63666666666654,IsPETaseWT_pool_17016.ddg
IsPETaseWT_pool_17141,644.8963333333334,IsPETaseWT_pool_17141.ddg
IsPETaseWT_pool_17912,623.323,IsPETaseWT_pool_17912.ddg
IsPETaseWT_pool_17273,666.7596666666666,IsPETaseWT_pool_17273.ddg
IsPETaseWT_pool_17254,-115.49366666666663,IsPETaseWT_pool_17254.ddg
IsPETaseWT_pool_17288,22.563333333333276,IsPETaseWT_pool_17288.ddg
IsPETaseWT_pool_1744,7.506333333333259,IsPETaseWT_pool_1744.ddg
IsPETaseWT_pool_17296,77.25733333333324,IsPETaseWT_pool_17296.ddg
IsPETaseWT_pool_17472,664.5483333333333,IsPETaseWT_pool_17472.ddg
IsPETaseWT_pool_17410,13.08066666666673,IsPETaseWT_pool_17410.ddg
IsPETaseWT_pool_17519,709.2676666666669,IsPETaseWT_pool_17519.ddg
IsPETaseWT_pool_17443,600.3426666666666,IsPETaseWT_pool_17443.ddg
IsPETaseWT_pool_17300,61.341333333333296,IsPETaseWT_pool_17300.ddg
IsPETaseWT_pool_17627,588.9976666666668,IsPETaseWT_pool_17627.ddg
IsPETaseWT_pool_17611,121.68900000000019,IsPETaseWT_pool_17611.ddg
IsPETaseWT_pool_17751,75.11266666666654,IsPETaseWT_pool_17751.ddg
IsPETaseWT_pool_17848,602.2489999999999,IsPETaseWT_pool_17848.ddg
IsPETaseWT_pool_17981,44.60300000000018,IsPETaseWT_pool_17981.ddg
IsPETaseWT_pool_18002,627.5019999999997,IsPETaseWT_pool_18002.ddg
IsPETaseWT_pool_17799,27.21233333333339,IsPETaseWT_pool_17799.ddg
IsPETaseWT_pool_18180,620.7276666666664,IsPETaseWT_pool_18180.ddg
IsPETaseWT_pool_18165,586.6973333333332,IsPETaseWT_pool_18165.ddg
IsPETaseWT_pool_18196,670.8950000000002,IsPETaseWT_pool_18196.ddg
IsPETaseWT_pool_18228,30.73899999999992,IsPETaseWT_pool_18228.ddg
IsPETaseWT_pool_18034,79.45100000000002,IsPETaseWT_pool_18034.ddg
IsPETaseWT_pool_18273,436.528,IsPETaseWT_pool_18273.ddg
IsPETaseWT_pool_18270,195.5633333333335,IsPETaseWT_pool_18270.ddg
IsPETaseWT_pool_18317,439.644,IsPETaseWT_pool_18317.ddg
IsPETaseWT_pool_1838,59.640666666666675,IsPETaseWT_pool_1838.ddg
IsPETaseWT_pool_18333,53.18866666666645,IsPETaseWT_pool_18333.ddg
IsPETaseWT_pool_18397,619.8096666666663,IsPETaseWT_pool_18397.ddg
IsPETaseWT_pool_18509,612.8890000000004,IsPETaseWT_pool_18509.ddg
IsPETaseWT_pool_18500,610.2996666666666,IsPETaseWT_pool_18500.ddg
IsPETaseWT_pool_18576,86.49266666666676,IsPETaseWT_pool_18576.ddg
IsPETaseWT_pool_18612,11.351999999999862,IsPETaseWT_pool_18612.ddg
IsPETaseWT_pool_18539,48.410333333333256,IsPETaseWT_pool_18539.ddg
IsPETaseWT_pool_18748,37.142333333333454,IsPETaseWT_pool_18748.ddg
IsPETaseWT_pool_18833,111.24933333333342,IsPETaseWT_pool_18833.ddg
IsPETaseWT_pool_18771,64.67466666666655,IsPETaseWT_pool_18771.ddg
IsPETaseWT_pool_18945,35.33533333333321,IsPETaseWT_pool_18945.ddg
IsPETaseWT_pool_1904,51.64200000000005,IsPETaseWT_pool_1904.ddg
IsPETaseWT_pool_1891,10.483666666666636,IsPETaseWT_pool_1891.ddg
IsPETaseWT_pool_18964,74.02466666666669,IsPETaseWT_pool_18964.ddg
IsPETaseWT_pool_18806,-117.03166666666675,IsPETaseWT_pool_18806.ddg
IsPETaseWT_pool_19109,1.4580000000000837,IsPETaseWT_pool_19109.ddg
IsPETaseWT_pool_1915,-2.2476666666665324,IsPETaseWT_pool_1915.ddg
IsPETaseWT_pool_19190,670.4456666666664,IsPETaseWT_pool_19190.ddg
IsPETaseWT_pool_19194,613.6060000000002,IsPETaseWT_pool_19194.ddg
IsPETaseWT_pool_19746,59.326999999999884,IsPETaseWT_pool_19746.ddg
IsPETaseWT_pool_19219,30.604333333333443,IsPETaseWT_pool_19219.ddg
IsPETaseWT_pool_19345,7.7753333333333785,IsPETaseWT_pool_19345.ddg
IsPETaseWT_pool_19365,595.0666666666666,IsPETaseWT_pool_19365.ddg
IsPETaseWT_pool_19226,38.469666666666626,IsPETaseWT_pool_19226.ddg
IsPETaseWT_pool_19299,4.363666666666745,IsPETaseWT_pool_19299.ddg
IsPETaseWT_pool_19587,610.9809999999998,IsPETaseWT_pool_19587.ddg
IsPETaseWT_pool_19487,611.8436666666666,IsPETaseWT_pool_19487.ddg
IsPETaseWT_pool_19255,41.90233333333299,IsPETaseWT_pool_19255.ddg
IsPETaseWT_pool_19554,619.7203333333332,IsPETaseWT_pool_19554.ddg
IsPETaseWT_pool_19251,0.1723333333334267,IsPETaseWT_pool_19251.ddg
IsPETaseWT_pool_19519,23.315999999999917,IsPETaseWT_pool_19519.ddg
IsPETaseWT_pool_19389,11.378666666666732,IsPETaseWT_pool_19389.ddg
IsPETaseWT_pool_20443,661.7066666666667,IsPETaseWT_pool_20443.ddg
IsPETaseWT_pool_1973,22.520333333333383,IsPETaseWT_pool_1973.ddg
IsPETaseWT_pool_19613,44.27833333333342,IsPETaseWT_pool_19613.ddg
IsPETaseWT_pool_19724,56.71199999999999,IsPETaseWT_pool_19724.ddg
IsPETaseWT_pool_19760,9.041666666666742,IsPETaseWT_pool_19760.ddg
IsPETaseWT_pool_2027,608.482,IsPETaseWT_pool_2027.ddg
IsPETaseWT_pool_19768,68.51033333333328,IsPETaseWT_pool_19768.ddg
IsPETaseWT_pool_19890,64.8213333333332,IsPETaseWT_pool_19890.ddg
IsPETaseWT_pool_19765,3.987333333333254,IsPETaseWT_pool_19765.ddg
IsPETaseWT_pool_20130,-25.002333333333468,IsPETaseWT_pool_20130.ddg
IsPETaseWT_pool_20335,585.2520000000001,IsPETaseWT_pool_20335.ddg
IsPETaseWT_pool_20044,-4.138333333333321,IsPETaseWT_pool_20044.ddg
IsPETaseWT_pool_20155,53.64166666666665,IsPETaseWT_pool_20155.ddg
IsPETaseWT_pool_20342,11.63233333333335,IsPETaseWT_pool_20342.ddg
IsPETaseWT_pool_20470,31.36166666666668,IsPETaseWT_pool_20470.ddg
IsPETaseWT_pool_20440,82.71633333333352,IsPETaseWT_pool_20440.ddg
IsPETaseWT_pool_20402,98.05833333333317,IsPETaseWT_pool_20402.ddg
IsPETaseWT_pool_21088,69.40633333333335,IsPETaseWT_pool_21088.ddg
IsPETaseWT_pool_20579,44.57600000000002,IsPETaseWT_pool_20579.ddg
IsPETaseWT_pool_20475,133.94933333333336,IsPETaseWT_pool_20475.ddg
IsPETaseWT_pool_20593,30.229333333333102,IsPETaseWT_pool_20593.ddg
IsPETaseWT_pool_20712,122.75300000000016,IsPETaseWT_pool_20712.ddg
IsPETaseWT_pool_20831,628.5579999999998,IsPETaseWT_pool_20831.ddg
IsPETaseWT_pool_20612,44.01166666666654,IsPETaseWT_pool_20612.ddg
IsPETaseWT_pool_20757,419.9253333333336,IsPETaseWT_pool_20757.ddg
IsPETaseWT_pool_20850,87.21366666666665,IsPETaseWT_pool_20850.ddg
IsPETaseWT_pool_20798,631.9859999999999,IsPETaseWT_pool_20798.ddg
IsPETaseWT_pool_20860,630.5126666666666,IsPETaseWT_pool_20860.ddg
IsPETaseWT_pool_20819,27.21333333333314,IsPETaseWT_pool_20819.ddg
IsPETaseWT_pool_20791,33.561666666666724,IsPETaseWT_pool_20791.ddg
IsPETaseWT_pool_20882,49.86566666666681,IsPETaseWT_pool_20882.ddg
IsPETaseWT_pool_21060,492.7366666666668,IsPETaseWT_pool_21060.ddg
IsPETaseWT_pool_21122,113.9943333333332,IsPETaseWT_pool_21122.ddg
IsPETaseWT_pool_20960,-5.885000000000105,IsPETaseWT_pool_20960.ddg
IsPETaseWT_pool_21107,65.97433333333333,IsPETaseWT_pool_21107.ddg
IsPETaseWT_pool_21225,41.33633333333364,IsPETaseWT_pool_21225.ddg
IsPETaseWT_pool_21193,8.29833333333329,IsPETaseWT_pool_21193.ddg
IsPETaseWT_pool_21267,31.81166666666661,IsPETaseWT_pool_21267.ddg
IsPETaseWT_pool_21298,74.74233333333336,IsPETaseWT_pool_21298.ddg
IsPETaseWT_pool_21269,14.307666666666819,IsPETaseWT_pool_21269.ddg
IsPETaseWT_pool_21809,593.2009999999998,IsPETaseWT_pool_21809.ddg
IsPETaseWT_pool_21702,657.4863333333333,IsPETaseWT_pool_21702.ddg
IsPETaseWT_pool_215,593.0849999999999,IsPETaseWT_pool_215.ddg
IsPETaseWT_pool_21403,610.5853333333334,IsPETaseWT_pool_21403.ddg
IsPETaseWT_pool_2178,400.5293333333333,IsPETaseWT_pool_2178.ddg
IsPETaseWT_pool_21684,22.687999999999647,IsPETaseWT_pool_21684.ddg
IsPETaseWT_pool_2137,37.351666666666915,IsPETaseWT_pool_2137.ddg
IsPETaseWT_pool_21821,576.3253333333332,IsPETaseWT_pool_21821.ddg
IsPETaseWT_pool_2182,0.40599999999994907,IsPETaseWT_pool_2182.ddg
IsPETaseWT_pool_21900,128.4333333333334,IsPETaseWT_pool_21900.ddg
IsPETaseWT_pool_21896,374.2496666666667,IsPETaseWT_pool_21896.ddg
IsPETaseWT_pool_21849,61.46600000000012,IsPETaseWT_pool_21849.ddg
IsPETaseWT_pool_21907,79.10033333333331,IsPETaseWT_pool_21907.ddg
IsPETaseWT_pool_21933,-117.51699999999994,IsPETaseWT_pool_21933.ddg
IsPETaseWT_pool_2210,615.1413333333336,IsPETaseWT_pool_2210.ddg
IsPETaseWT_pool_22191,670.7400000000001,IsPETaseWT_pool_22191.ddg
IsPETaseWT_pool_22125,3.0746666666666442,IsPETaseWT_pool_22125.ddg
IsPETaseWT_pool_23013,598.0836666666667,IsPETaseWT_pool_23013.ddg
IsPETaseWT_pool_21956,-0.7046666666667534,IsPETaseWT_pool_21956.ddg
IsPETaseWT_pool_2321,621.3713333333335,IsPETaseWT_pool_2321.ddg
IsPETaseWT_pool_21972,34.95533333333333,IsPETaseWT_pool_21972.ddg
IsPETaseWT_pool_22067,34.35366666666664,IsPETaseWT_pool_22067.ddg
IsPETaseWT_pool_22244,625.0626666666667,IsPETaseWT_pool_22244.ddg
IsPETaseWT_pool_22227,586.3796666666667,IsPETaseWT_pool_22227.ddg
IsPETaseWT_pool_22322,27.248666666666736,IsPETaseWT_pool_22322.ddg
IsPETaseWT_pool_22174,12.657333333333213,IsPETaseWT_pool_22174.ddg
IsPETaseWT_pool_22326,627.0846666666666,IsPETaseWT_pool_22326.ddg
IsPETaseWT_pool_22598,692.7713333333336,IsPETaseWT_pool_22598.ddg
IsPETaseWT_pool_23721,627.979,IsPETaseWT_pool_23721.ddg
IsPETaseWT_pool_22378,44.2643333333333,IsPETaseWT_pool_22378.ddg
IsPETaseWT_pool_22720,564.11,IsPETaseWT_pool_22720.ddg
IsPETaseWT_pool_22839,618.0086666666667,IsPETaseWT_pool_22839.ddg
IsPETaseWT_pool_22779,23.496000000000095,IsPETaseWT_pool_22779.ddg
IsPETaseWT_pool_22874,31.847333333333268,IsPETaseWT_pool_22874.ddg
IsPETaseWT_pool_23155,593.1133333333335,IsPETaseWT_pool_23155.ddg
IsPETaseWT_pool_22935,40.34233333333327,IsPETaseWT_pool_22935.ddg
IsPETaseWT_pool_23253,-8.234333333333325,IsPETaseWT_pool_23253.ddg
IsPETaseWT_pool_23308,33.454333333333125,IsPETaseWT_pool_23308.ddg
IsPETaseWT_pool_23542,45.359333333333325,IsPETaseWT_pool_23542.ddg
IsPETaseWT_pool_24415,463.7726666666664,IsPETaseWT_pool_24415.ddg
IsPETaseWT_pool_23432,21.445333333333338,IsPETaseWT_pool_23432.ddg
IsPETaseWT_pool_23576,586.3043333333333,IsPETaseWT_pool_23576.ddg
IsPETaseWT_pool_23627,634.1376666666667,IsPETaseWT_pool_23627.ddg
IsPETaseWT_pool_23423,0.11466666666660785,IsPETaseWT_pool_23423.ddg
IsPETaseWT_pool_2366,619.7553333333335,IsPETaseWT_pool_2366.ddg
IsPETaseWT_pool_23824,621.0150000000001,IsPETaseWT_pool_23824.ddg
IsPETaseWT_pool_2378,6.202666666666801,IsPETaseWT_pool_2378.ddg
IsPETaseWT_pool_23790,675.7456666666667,IsPETaseWT_pool_23790.ddg
IsPETaseWT_pool_23754,40.862666666666655,IsPETaseWT_pool_23754.ddg
IsPETaseWT_pool_23958,614.625,IsPETaseWT_pool_23958.ddg
IsPETaseWT_pool_23867,-90.49966666666671,IsPETaseWT_pool_23867.ddg
IsPETaseWT_pool_24170,594.6933333333332,IsPETaseWT_pool_24170.ddg
IsPETaseWT_pool_24628,653.5643333333334,IsPETaseWT_pool_24628.ddg
IsPETaseWT_pool_24952,67.25099999999998,IsPETaseWT_pool_24952.ddg
IsPETaseWT_pool_24546,603.3176666666668,IsPETaseWT_pool_24546.ddg
IsPETaseWT_pool_24979,15.506666666666888,IsPETaseWT_pool_24979.ddg
IsPETaseWT_pool_24370,28.665333333333365,IsPETaseWT_pool_24370.ddg
IsPETaseWT_pool_24287,593.482,IsPETaseWT_pool_24287.ddg
IsPETaseWT_pool_24282,600.7056666666667,IsPETaseWT_pool_24282.ddg
IsPETaseWT_pool_24647,587.6916666666665,IsPETaseWT_pool_24647.ddg
IsPETaseWT_pool_24469,635.5663333333332,IsPETaseWT_pool_24469.ddg
IsPETaseWT_pool_24490,44.990666666666584,IsPETaseWT_pool_24490.ddg
IsPETaseWT_pool_24713,632.5406666666665,IsPETaseWT_pool_24713.ddg
IsPETaseWT_pool_24671,1.6190000000001419,IsPETaseWT_pool_24671.ddg
IsPETaseWT_pool_24752,5.637000000000057,IsPETaseWT_pool_24752.ddg
IsPETaseWT_pool_24681,4.882666666666637,IsPETaseWT_pool_24681.ddg
IsPETaseWT_pool_24870,23.44266666666681,IsPETaseWT_pool_24870.ddg
IsPETaseWT_pool_24720,-21.12333333333322,IsPETaseWT_pool_24720.ddg
IsPETaseWT_pool_24888,80.80366666666669,IsPETaseWT_pool_24888.ddg
IsPETaseWT_pool_25195,59.41899999999987,IsPETaseWT_pool_25195.ddg
IsPETaseWT_pool_24987,-44.740999999999985,IsPETaseWT_pool_24987.ddg
IsPETaseWT_pool_25238,403.8033333333333,IsPETaseWT_pool_25238.ddg
IsPETaseWT_pool_25936,-2.4880000000000564,IsPETaseWT_pool_25936.ddg
IsPETaseWT_pool_24902,-5.3173333333334085,IsPETaseWT_pool_24902.ddg
IsPETaseWT_pool_24970,-97.62800000000004,IsPETaseWT_pool_24970.ddg
IsPETaseWT_pool_25197,5.52599999999984,IsPETaseWT_pool_25197.ddg
IsPETaseWT_pool_25239,684.1853333333333,IsPETaseWT_pool_25239.ddg
IsPETaseWT_pool_25121,13.214333333333343,IsPETaseWT_pool_25121.ddg
IsPETaseWT_pool_25120,617.1536666666666,IsPETaseWT_pool_25120.ddg
IsPETaseWT_pool_25426,587.4823333333331,IsPETaseWT_pool_25426.ddg
IsPETaseWT_pool_25260,11.749333333333198,IsPETaseWT_pool_25260.ddg
IsPETaseWT_pool_25302,-28.410333333333256,IsPETaseWT_pool_25302.ddg
IsPETaseWT_pool_25404,35.409999999999854,IsPETaseWT_pool_25404.ddg
IsPETaseWT_pool_25552,8.111666666666792,IsPETaseWT_pool_25552.ddg
IsPETaseWT_pool_25575,63.21333333333337,IsPETaseWT_pool_25575.ddg
IsPETaseWT_pool_25818,84.76666666666677,IsPETaseWT_pool_25818.ddg
IsPETaseWT_pool_25685,68.74900000000002,IsPETaseWT_pool_25685.ddg
IsPETaseWT_pool_25974,83.38300000000015,IsPETaseWT_pool_25974.ddg
IsPETaseWT_pool_25949,118.82199999999989,IsPETaseWT_pool_25949.ddg
IsPETaseWT_pool_25619,-7.449999999999818,IsPETaseWT_pool_25619.ddg
IsPETaseWT_pool_26042,603.7853333333333,IsPETaseWT_pool_26042.ddg
IsPETaseWT_pool_26112,-5.908666666666477,IsPETaseWT_pool_26112.ddg
IsPETaseWT_pool_26174,70.9430000000001,IsPETaseWT_pool_26174.ddg
IsPETaseWT_pool_26210,15.171999999999798,IsPETaseWT_pool_26210.ddg
IsPETaseWT_pool_26191,9.581333333333077,IsPETaseWT_pool_26191.ddg
IsPETaseWT_pool_26127,29.66766666666672,IsPETaseWT_pool_26127.ddg
IsPETaseWT_pool_26318,26.61233333333348,IsPETaseWT_pool_26318.ddg
IsPETaseWT_pool_26623,110.55999999999995,IsPETaseWT_pool_26623.ddg
IsPETaseWT_pool_26355,616.2176666666667,IsPETaseWT_pool_26355.ddg
IsPETaseWT_pool_26453,59.317000000000235,IsPETaseWT_pool_26453.ddg
IsPETaseWT_pool_26522,23.41766666666672,IsPETaseWT_pool_26522.ddg
IsPETaseWT_pool_27376,22.47233333333338,IsPETaseWT_pool_27376.ddg
IsPETaseWT_pool_26749,638.3800000000001,IsPETaseWT_pool_26749.ddg
IsPETaseWT_pool_26745,673.4293333333335,IsPETaseWT_pool_26745.ddg
IsPETaseWT_pool_26847,428.04133333333357,IsPETaseWT_pool_26847.ddg
IsPETaseWT_pool_26965,-0.6576666666667279,IsPETaseWT_pool_26965.ddg
IsPETaseWT_pool_26843,33.11266666666677,IsPETaseWT_pool_26843.ddg
IsPETaseWT_pool_26942,55.416666666666515,IsPETaseWT_pool_26942.ddg
IsPETaseWT_pool_27525,591.4923333333334,IsPETaseWT_pool_27525.ddg
IsPETaseWT_pool_27127,43.54066666666654,IsPETaseWT_pool_27127.ddg
IsPETaseWT_pool_27688,13.671999999999798,IsPETaseWT_pool_27688.ddg
IsPETaseWT_pool_27048,62.002666666666755,IsPETaseWT_pool_27048.ddg
IsPETaseWT_pool_26998,9.39966666666669,IsPETaseWT_pool_26998.ddg
IsPETaseWT_pool_2718,57.89233333333334,IsPETaseWT_pool_2718.ddg
IsPETaseWT_pool_27144,603.1433333333334,IsPETaseWT_pool_27144.ddg
IsPETaseWT_pool_27336,623.074,IsPETaseWT_pool_27336.ddg
IsPETaseWT_pool_2857,621.4336666666665,IsPETaseWT_pool_2857.ddg
IsPETaseWT_pool_27261,34.81533333333334,IsPETaseWT_pool_27261.ddg
IsPETaseWT_pool_27294,594.9780000000001,IsPETaseWT_pool_27294.ddg
IsPETaseWT_pool_27308,686.8303333333333,IsPETaseWT_pool_27308.ddg
IsPETaseWT_pool_27399,544.6496666666665,IsPETaseWT_pool_27399.ddg
IsPETaseWT_pool_27488,626.7119999999998,IsPETaseWT_pool_27488.ddg
IsPETaseWT_pool_27416,134.3599999999999,IsPETaseWT_pool_27416.ddg
IsPETaseWT_pool_27524,81.31733333333352,IsPETaseWT_pool_27524.ddg
IsPETaseWT_pool_27574,589.6283333333334,IsPETaseWT_pool_27574.ddg
IsPETaseWT_pool_27772,114.07499999999982,IsPETaseWT_pool_27772.ddg
IsPETaseWT_pool_27485,3.6453333333331557,IsPETaseWT_pool_27485.ddg
IsPETaseWT_pool_27439,20.098333333333358,IsPETaseWT_pool_27439.ddg
IsPETaseWT_pool_27835,-0.5793333333333521,IsPETaseWT_pool_27835.ddg
IsPETaseWT_pool_27796,94.57899999999972,IsPETaseWT_pool_27796.ddg
IsPETaseWT_pool_27701,33.60566666666659,IsPETaseWT_pool_27701.ddg
IsPETaseWT_pool_27844,110.11766666666654,IsPETaseWT_pool_27844.ddg
IsPETaseWT_pool_3288,6.156666666666524,IsPETaseWT_pool_3288.ddg
IsPETaseWT_pool_294,18.265666666666448,IsPETaseWT_pool_294.ddg
IsPETaseWT_pool_2990,618.3479999999997,IsPETaseWT_pool_2990.ddg
IsPETaseWT_pool_3015,12.666999999999916,IsPETaseWT_pool_3015.ddg
IsPETaseWT_pool_3372,570.0703333333335,IsPETaseWT_pool_3372.ddg
IsPETaseWT_pool_4240,1.2473333333333585,IsPETaseWT_pool_4240.ddg
IsPETaseWT_pool_3411,44.356333333333396,IsPETaseWT_pool_3411.ddg
IsPETaseWT_pool_3480,75.73633333333339,IsPETaseWT_pool_3480.ddg
IsPETaseWT_pool_3452,28.3596666666665,IsPETaseWT_pool_3452.ddg
IsPETaseWT_pool_3610,140.62733333333335,IsPETaseWT_pool_3610.ddg
IsPETaseWT_pool_3454,70.13066666666668,IsPETaseWT_pool_3454.ddg
IsPETaseWT_pool_354,23.851000000000113,IsPETaseWT_pool_354.ddg
IsPETaseWT_pool_3684,27.41599999999994,IsPETaseWT_pool_3684.ddg
IsPETaseWT_pool_3671,593.5323333333333,IsPETaseWT_pool_3671.ddg
IsPETaseWT_pool_3887,79.25300000000004,IsPETaseWT_pool_3887.ddg
IsPETaseWT_pool_3871,83.73866666666663,IsPETaseWT_pool_3871.ddg
IsPETaseWT_pool_4350,401.7633333333333,IsPETaseWT_pool_4350.ddg
IsPETaseWT_pool_4030,27.246000000000095,IsPETaseWT_pool_4030.ddg
IsPETaseWT_pool_435,594.0356666666664,IsPETaseWT_pool_435.ddg
IsPETaseWT_pool_3703,25.939666666666653,IsPETaseWT_pool_3703.ddg
IsPETaseWT_pool_4008,54.371000000000095,IsPETaseWT_pool_4008.ddg
IsPETaseWT_pool_421,589.7280000000002,IsPETaseWT_pool_421.ddg
IsPETaseWT_pool_4041,22.545000000000073,IsPETaseWT_pool_4041.ddg
IsPETaseWT_pool_4377,67.88699999999994,IsPETaseWT_pool_4377.ddg
IsPETaseWT_pool_441,181.312,IsPETaseWT_pool_441.ddg
IsPETaseWT_pool_4442,14.655999999999949,IsPETaseWT_pool_4442.ddg
IsPETaseWT_pool_4567,616.8446666666669,IsPETaseWT_pool_4567.ddg
IsPETaseWT_pool_4388,37.68933333333325,IsPETaseWT_pool_4388.ddg
IsPETaseWT_pool_463,118.41200000000003,IsPETaseWT_pool_463.ddg
IsPETaseWT_pool_4662,22.876333333333378,IsPETaseWT_pool_4662.ddg
IsPETaseWT_pool_4628,53.98833333333346,IsPETaseWT_pool_4628.ddg
IsPETaseWT_pool_4584,38.76099999999997,IsPETaseWT_pool_4584.ddg
IsPETaseWT_pool_5405,598.6800000000001,IsPETaseWT_pool_5405.ddg
IsPETaseWT_pool_483,-21.649999999999977,IsPETaseWT_pool_483.ddg
IsPETaseWT_pool_5218,614.9173333333331,IsPETaseWT_pool_5218.ddg
IsPETaseWT_pool_4640,5.75,IsPETaseWT_pool_4640.ddg
IsPETaseWT_pool_5994,41.590999999999894,IsPETaseWT_pool_5994.ddg
IsPETaseWT_pool_5089,-117.43899999999996,IsPETaseWT_pool_5089.ddg
IsPETaseWT_pool_4923,23.808333333333394,IsPETaseWT_pool_4923.ddg
IsPETaseWT_pool_531,-8.164999999999964,IsPETaseWT_pool_531.ddg
IsPETaseWT_pool_5460,29.304666666666662,IsPETaseWT_pool_5460.ddg
IsPETaseWT_pool_542,665.8983333333335,IsPETaseWT_pool_542.ddg
IsPETaseWT_pool_5486,577.2223333333334,IsPETaseWT_pool_5486.ddg
IsPETaseWT_pool_5500,91.46033333333332,IsPETaseWT_pool_5500.ddg
IsPETaseWT_pool_5551,42.42333333333329,IsPETaseWT_pool_5551.ddg
IsPETaseWT_pool_591,34.01800000000003,IsPETaseWT_pool_591.ddg
IsPETaseWT_pool_5527,41.61966666666649,IsPETaseWT_pool_5527.ddg
IsPETaseWT_pool_5687,446.7166666666669,IsPETaseWT_pool_5687.ddg
IsPETaseWT_pool_5607,37.952,IsPETaseWT_pool_5607.ddg
IsPETaseWT_pool_6953,-0.7020000000001119,IsPETaseWT_pool_6953.ddg
IsPETaseWT_pool_6136,7.950666666666621,IsPETaseWT_pool_6136.ddg
IsPETaseWT_pool_5669,3.6546666666665715,IsPETaseWT_pool_5669.ddg
IsPETaseWT_pool_6292,599.3163333333334,IsPETaseWT_pool_6292.ddg
IsPETaseWT_pool_6256,41.98466666666661,IsPETaseWT_pool_6256.ddg
IsPETaseWT_pool_6360,605.9306666666664,IsPETaseWT_pool_6360.ddg
IsPETaseWT_pool_589,3.880999999999858,IsPETaseWT_pool_589.ddg
IsPETaseWT_pool_596,592.7383333333332,IsPETaseWT_pool_596.ddg
IsPETaseWT_pool_6445,500.86766666666654,IsPETaseWT_pool_6445.ddg
IsPETaseWT_pool_6223,16.790333333333365,IsPETaseWT_pool_6223.ddg
IsPETaseWT_pool_6412,617.2656666666666,IsPETaseWT_pool_6412.ddg
IsPETaseWT_pool_6697,624.8459999999999,IsPETaseWT_pool_6697.ddg
IsPETaseWT_pool_6645,592.7036666666665,IsPETaseWT_pool_6645.ddg
IsPETaseWT_pool_6667,51.45666666666659,IsPETaseWT_pool_6667.ddg
IsPETaseWT_pool_697,-0.9113333333332321,IsPETaseWT_pool_697.ddg
IsPETaseWT_pool_6853,588.7239999999998,IsPETaseWT_pool_6853.ddg
IsPETaseWT_pool_7035,16.315333333333456,IsPETaseWT_pool_7035.ddg
IsPETaseWT_pool_7064,55.30266666666671,IsPETaseWT_pool_7064.ddg
IsPETaseWT_pool_6876,59.0466666666664,IsPETaseWT_pool_6876.ddg
IsPETaseWT_pool_7267,613.8426666666667,IsPETaseWT_pool_7267.ddg
IsPETaseWT_pool_7373,33.23133333333328,IsPETaseWT_pool_7373.ddg
IsPETaseWT_pool_7602,68.64333333333354,IsPETaseWT_pool_7602.ddg
IsPETaseWT_pool_7432,600.5916666666665,IsPETaseWT_pool_7432.ddg
IsPETaseWT_pool_7329,102.48466666666673,IsPETaseWT_pool_7329.ddg
IsPETaseWT_pool_7521,24.58833333333314,IsPETaseWT_pool_7521.ddg
IsPETaseWT_pool_7682,687.1333333333331,IsPETaseWT_pool_7682.ddg
IsPETaseWT_pool_7659,47.75500000000011,IsPETaseWT_pool_7659.ddg
IsPETaseWT_pool_7674,20.26466666666647,IsPETaseWT_pool_7674.ddg
IsPETaseWT_pool_7719,3.725666666666484,IsPETaseWT_pool_7719.ddg
IsPETaseWT_pool_7972,644.9203333333336,IsPETaseWT_pool_7972.ddg
IsPETaseWT_pool_7973,69.20799999999997,IsPETaseWT_pool_7973.ddg
IsPETaseWT_pool_7875,19.437999999999988,IsPETaseWT_pool_7875.ddg
IsPETaseWT_pool_8094,111.27300000000014,IsPETaseWT_pool_8094.ddg
IsPETaseWT_pool_8092,95.22900000000004,IsPETaseWT_pool_8092.ddg
IsPETaseWT_pool_8347,601.0426666666666,IsPETaseWT_pool_8347.ddg
IsPETaseWT_pool_8152,31.084666666666863,IsPETaseWT_pool_8152.ddg
IsPETaseWT_pool_8185,622.0129999999999,IsPETaseWT_pool_8185.ddg
IsPETaseWT_pool_8231,39.68266666666682,IsPETaseWT_pool_8231.ddg
IsPETaseWT_pool_8376,9.87966666666648,IsPETaseWT_pool_8376.ddg
IsPETaseWT_pool_8569,595.581,IsPETaseWT_pool_8569.ddg
IsPETaseWT_pool_8413,60.15666666666664,IsPETaseWT_pool_8413.ddg
IsPETaseWT_pool_8439,73.2293333333331,IsPETaseWT_pool_8439.ddg
IsPETaseWT_pool_8607,115.21966666666663,IsPETaseWT_pool_8607.ddg
IsPETaseWT_pool_8613,584.7993333333335,IsPETaseWT_pool_8613.ddg
IsPETaseWT_pool_8878,24.063999999999965,IsPETaseWT_pool_8878.ddg
IsPETaseWT_pool_9518,30.543666666666695,IsPETaseWT_pool_9518.ddg
IsPETaseWT_pool_865,585.4236666666667,IsPETaseWT_pool_865.ddg
IsPETaseWT_pool_8747,15.043999999999869,IsPETaseWT_pool_8747.ddg
IsPETaseWT_pool_8761,5.491333333333387,IsPETaseWT_pool_8761.ddg
IsPETaseWT_pool_9079,624.4616666666668,IsPETaseWT_pool_9079.ddg
IsPETaseWT_pool_9041,-3.9669999999999845,IsPETaseWT_pool_9041.ddg
IsPETaseWT_pool_8888,0.31500000000005457,IsPETaseWT_pool_8888.ddg
IsPETaseWT_pool_9279,473.23666666666645,IsPETaseWT_pool_9279.ddg
IsPETaseWT_pool_8895,74.6683333333333,IsPETaseWT_pool_8895.ddg
IsPETaseWT_pool_9330,569.0530000000001,IsPETaseWT_pool_9330.ddg
IsPETaseWT_pool_9401,597.325,IsPETaseWT_pool_9401.ddg
IsPETaseWT_pool_9420,588.4973333333334,IsPETaseWT_pool_9420.ddg
IsPETaseWT_pool_9312,62.62000000000012,IsPETaseWT_pool_9312.ddg
IsPETaseWT_pool_9482,40.93933333333348,IsPETaseWT_pool_9482.ddg
IsPETaseWT_pool_9502,58.015333333333274,IsPETaseWT_pool_9502.ddg
IsPETaseWT_pool_9604,610.4626666666666,IsPETaseWT_pool_9604.ddg
IsPETaseWT_pool_9623,587.2386666666664,IsPETaseWT_pool_9623.ddg
IsPETaseWT_pool_9788,32.03333333333342,IsPETaseWT_pool_9788.ddg
IsPETaseWT_pool_9426,44.58033333333333,IsPETaseWT_pool_9426.ddg
IsPETaseWT_pool_9847,603.9013333333334,IsPETaseWT_pool_9847.ddg
IsPETaseWT_pool_9663,-7.583999999999833,IsPETaseWT_pool_9663.ddg
IsPETaseWT_pool_9853,130.54899999999998,IsPETaseWT_pool_9853.ddg
IsPETaseWT_pool_9912,35.212666666666564,IsPETaseWT_pool_9912.ddg
