id,wt_energy_reu,mut_energy_reu,ddg_reu
IsPETaseWT_pool_27478,896.1576666666666,857.4153333333334,-38.74233333333325
IsPETaseWT_pool_19676,940.3143333333334,921.035,-19.279333333333398
IsPETaseWT_pool_6504,987.096,1027.2613333333334,40.165333333333365
IsPETaseWT_pool_23190,826.721,807.1723333333333,-19.54866666666669
IsPETaseWT_pool_2027,1145.1953333333333,1753.6773333333333,608.482
IsPETaseWT_pool_8361,1043.131,970.6716666666666,-72.45933333333346
IsPETaseWT_pool_9788,970.15,1002.1833333333334,32.03333333333342
IsPETaseWT_pool_17712,1346.128,1366.128,20.0
IsPETaseWT_pool_4046,991.8303333333333,999.623,7.792666666666719
IsPETaseWT_pool_21702,1033.7556666666667,1691.242,657.4863333333333
IsPETaseWT_pool_12549,932.053,824.4706666666667,-107.58233333333328
IsPETaseWT_pool_17300,1117.448,1178.7893333333334,61.341333333333296
IsPETaseWT_pool_12252,965.9086666666667,938.7923333333333,-27.116333333333387
IsPETaseWT_pool_6136,1013.4343333333333,1021.3849999999999,7.950666666666621
IsPETaseWT_pool_6725,1059.5543333333333,1093.1793333333333,33.625
IsPETaseWT_pool_18945,1131.3186666666668,1166.654,35.33533333333321
IsPETaseWT_pool_10759,915.4513333333334,881.6546666666667,-33.79666666666674
IsPETaseWT_pool_11452,965.652,949.0353333333333,-16.616666666666788
IsPETaseWT_pool_25120,1085.315,1702.4686666666666,617.1536666666666
IsPETaseWT_pool_2137,1223.4046666666666,1260.7563333333335,37.351666666666915
IsPETaseWT_pool_15082,895.7853333333333,966.9863333333333,71.20100000000002
IsPETaseWT_pool_7973,972.2443333333334,1041.4523333333334,69.20799999999997
IsPETaseWT_pool_1556,1036.8053333333335,1042.7296666666666,5.924333333333152
IsPETaseWT_pool_27154,928.131,816.3973333333333,-111.73366666666664
IsPETaseWT_pool_5218,1041.6180000000002,1656.5353333333333,614.9173333333331
IsPETaseWT_pool_8092,1097.3093333333334,1192.5383333333334,95.22900000000004
IsPETaseWT_pool_25818,972.9516666666667,1057.7183333333335,84.76666666666677
IsPETaseWT_pool_6667,1016.4773333333334,1067.934,51.45666666666659
IsPETaseWT_pool_2371,971.3726666666666,987.4676666666668,16.09500000000014
IsPETaseWT_pool_17274,1033.798,1424.735,390.9369999999999
IsPETaseWT_pool_3684,968.8063333333333,996.2223333333333,27.41599999999994
IsPETaseWT_pool_3505,1170.041,1204.5593333333334,34.51833333333343
IsPETaseWT_pool_16570,863.274,734.5100000000001,-128.7639999999999
IsPETaseWT_pool_17848,985.7196666666667,1587.9686666666666,602.2489999999999
IsPETaseWT_pool_16933,1060.6896666666667,1090.0283333333334,29.338666666666768
IsPETaseWT_pool_13305,964.5696666666666,1031.8636666666669,67.29400000000021
IsPETaseWT_pool_13668,914.7403333333333,883.2423333333332,-31.498000000000047
IsPETaseWT_pool_26843,952.352,985.4646666666667,33.11266666666677
IsPETaseWT_pool_4908,938.2953333333334,822.9106666666667,-115.3846666666667
IsPETaseWT_pool_19109,1085.5703333333333,1087.0283333333334,1.4580000000000837
IsPETaseWT_pool_20440,1086.134,1168.8503333333335,82.71633333333352
IsPETaseWT_pool_435,1056.0396666666668,1650.0753333333332,594.0356666666664
IsPETaseWT_pool_18791,1139.5813333333333,1241.497,101.91566666666677
IsPETaseWT_pool_13188,871.9206666666668,784.3466666666667,-87.57400000000007
IsPETaseWT_pool_14765,1206.3083333333334,1248.5076666666666,42.19933333333324
IsPETaseWT_pool_12465,1242.9176666666665,1868.004,625.0863333333334
IsPETaseWT_pool_9426,1237.3156666666666,1281.896,44.58033333333333
IsPETaseWT_pool_3288,1001.4426666666667,1007.5993333333332,6.156666666666524
IsPETaseWT_pool_24758,984.4866666666667,983.4936666666666,-0.9930000000000518
IsPETaseWT_pool_13519,780.0453333333334,732.2803333333333,-47.7650000000001
IsPETaseWT_pool_26522,1110.5013333333334,1133.919,23.41766666666672
IsPETaseWT_pool_10477,1148.0926666666667,1162.7033333333331,14.610666666666475
IsPETaseWT_pool_24928,1088.6850000000002,1129.0363333333335,40.35133333333329
IsPETaseWT_pool_24291,893.709,1404.7823333333333,511.0733333333334
IsPETaseWT_pool_13248,977.8566666666666,984.5896666666667,6.733000000000175
IsPETaseWT_pool_16159,1015.9283333333333,1007.8586666666666,-8.069666666666649
IsPETaseWT_pool_10357,1320.0593333333334,1382.743333333333,62.68399999999974
IsPETaseWT_pool_4008,1094.1096666666665,1148.4806666666666,54.371000000000095
IsPETaseWT_pool_21403,1218.451,1829.0363333333335,610.5853333333334
IsPETaseWT_pool_3671,1083.7356666666667,1677.268,593.5323333333333
IsPETaseWT_pool_4853,1003.3576666666667,1588.702,585.3443333333333
IsPETaseWT_pool_22779,1179.3483333333334,1202.8443333333335,23.496000000000095
IsPETaseWT_pool_1476,1035.0293333333332,1634.6140000000003,599.5846666666671
IsPETaseWT_pool_13351,1049.6883333333333,1086.8483333333334,37.16000000000008
IsPETaseWT_pool_8658,1036.4036666666668,1448.5716666666667,412.1679999999999
IsPETaseWT_pool_26058,987.7793333333333,949.9183333333334,-37.860999999999876
IsPETaseWT_pool_21684,1191.4126666666668,1214.1006666666665,22.687999999999647
IsPETaseWT_pool_17016,1097.7726666666667,1176.4093333333333,78.63666666666654
IsPETaseWT_pool_9279,867.373,1340.6096666666665,473.23666666666645
IsPETaseWT_pool_17966,792.4110000000001,668.801,-123.61000000000001
IsPETaseWT_pool_27348,1100.838,1188.1336666666666,87.29566666666665
IsPETaseWT_pool_4214,968.109,946.1276666666666,-21.981333333333396
IsPETaseWT_pool_14149,1067.7443333333333,1144.4206666666666,76.67633333333333
IsPETaseWT_pool_4138,1183.2633333333333,1776.4116666666666,593.1483333333333
IsPETaseWT_pool_679,1028.7740000000001,1471.8883333333333,443.1143333333332
IsPETaseWT_pool_20712,1139.048,1261.8010000000002,122.75300000000016
IsPETaseWT_pool_19613,1328.311,1372.5893333333333,44.27833333333342
IsPETaseWT_pool_14454,984.3896666666666,1003.0293333333333,18.6396666666667
IsPETaseWT_pool_13455,968.6929999999999,979.2913333333332,10.598333333333358
IsPETaseWT_pool_15146,912.2856666666667,909.0933333333332,-3.1923333333334085
IsPETaseWT_pool_10544,933.9226666666667,945.2666666666668,11.344000000000051
IsPETaseWT_pool_25449,974.07,1384.1943333333331,410.1243333333331
IsPETaseWT_pool_19833,1012.4929999999999,1066.1523333333332,53.65933333333328
IsPETaseWT_pool_1229,868.0953333333333,753.668,-114.42733333333331
IsPETaseWT_pool_27407,856.0333333333333,1123.3483333333334,267.31500000000005
IsPETaseWT_pool_14827,1226.3516666666667,1822.6416666666667,596.29
IsPETaseWT_pool_9502,958.511,1016.5263333333332,58.015333333333274
IsPETaseWT_pool_2461,1160.508,1197.3433333333332,36.83533333333321
IsPETaseWT_pool_26388,860.869,1140.5910000000001,279.7220000000001
IsPETaseWT_pool_25195,1354.8990000000001,1414.318,59.41899999999987
IsPETaseWT_pool_26210,1120.0943333333335,1135.2663333333333,15.171999999999798
IsPETaseWT_pool_13531,1009.5873333333334,1119.8003333333334,110.21299999999997
IsPETaseWT_pool_22874,988.5496666666667,1020.3969999999999,31.847333333333268
IsPETaseWT_pool_16470,948.006,1512.2210000000002,564.2150000000003
IsPETaseWT_pool_23902,843.2823333333332,752.0923333333334,-91.18999999999983
IsPETaseWT_pool_23193,876.8393333333333,916.0219999999999,39.18266666666659
IsPETaseWT_pool_18576,967.4466666666667,1053.9393333333335,86.49266666666676
IsPETaseWT_pool_16602,947.3530000000001,994.6940000000001,47.34100000000001
IsPETaseWT_pool_2603,987.4066666666668,1012.525,25.118333333333226
IsPETaseWT_pool_17163,1122.1023333333333,1157.4373333333333,35.335000000000036
IsPETaseWT_pool_21749,1126.0946666666666,1717.7026666666668,591.6080000000002
IsPETaseWT_pool_16184,1229.5886666666668,1258.1756666666668,28.58699999999999
IsPETaseWT_pool_27525,980.7406666666666,1572.233,591.4923333333334
IsPETaseWT_pool_6412,957.1976666666666,1574.4633333333331,617.2656666666666
IsPETaseWT_pool_27550,958.5279999999999,1560.24,601.7120000000001
IsPETaseWT_pool_9420,983.0643333333334,1571.5616666666667,588.4973333333334
IsPETaseWT_pool_7064,1139.0366666666666,1194.3393333333333,55.30266666666671
IsPETaseWT_pool_17462,1338.4283333333333,1398.344,59.915666666666766
IsPETaseWT_pool_14926,1173.549,1577.868333333333,404.31933333333313
IsPETaseWT_pool_12276,1201.9076666666667,1203.729,1.821333333333314
IsPETaseWT_pool_11557,1020.3180000000001,1039.6626666666668,19.34466666666674
IsPETaseWT_pool_12728,1390.5833333333333,2007.0906666666667,616.5073333333335
IsPETaseWT_pool_3169,1133.2696666666668,1718.0553333333335,584.7856666666667
IsPETaseWT_pool_24415,864.5643333333334,1328.3369999999998,463.7726666666664
IsPETaseWT_pool_25959,1176.3156666666666,1795.128,618.8123333333333
IsPETaseWT_pool_21416,925.4609999999999,939.3963333333332,13.935333333333347
IsPETaseWT_pool_11563,1206.9946666666667,1275.0293333333334,68.03466666666668
IsPETaseWT_pool_26549,927.9813333333333,1534.3463333333332,606.3649999999999
IsPETaseWT_pool_13419,1026.397,1088.656,62.259000000000015
IsPETaseWT_pool_1529,1153.2836666666667,1203.8046666666667,50.52099999999996
IsPETaseWT_pool_24550,806.8206666666666,659.4746666666666,-147.346
IsPETaseWT_pool_12719,1161.7103333333332,1570.7896666666668,409.0793333333336
IsPETaseWT_pool_14844,994.5696666666666,1024.8723333333335,30.302666666666823
IsPETaseWT_pool_10050,1003.792,1047.1670000000001,43.375000000000114
IsPETaseWT_pool_2718,996.313,1054.2053333333333,57.89233333333334
IsPETaseWT_pool_2378,939.5503333333332,945.753,6.202666666666801
IsPETaseWT_pool_1838,1249.086,1308.7266666666667,59.640666666666675
IsPETaseWT_pool_9126,1118.832,1706.8386666666665,588.0066666666664
IsPETaseWT_pool_6360,1041.4286666666667,1647.359333333333,605.9306666666664
IsPETaseWT_pool_7432,948.8216666666667,1549.4133333333332,600.5916666666665
IsPETaseWT_pool_20505,1190.0446666666667,1809.2333333333333,619.1886666666667
IsPETaseWT_pool_10534,1034.6676666666665,1636.1583333333335,601.490666666667
IsPETaseWT_pool_23542,991.5556666666666,1036.915,45.359333333333325
IsPETaseWT_pool_26036,1340.4393333333335,1373.735,33.29566666666642
IsPETaseWT_pool_6934,971.9979999999999,1444.5810000000001,472.5830000000002
IsPETaseWT_pool_7852,706.8823333333333,588.5163333333334,-118.36599999999999
IsPETaseWT_pool_20968,988.4613333333333,1137.3353333333334,148.87400000000014
IsPETaseWT_pool_12273,985.6933333333333,1043.3033333333333,57.610000000000014
IsPETaseWT_pool_5460,1032.7496666666666,1062.0543333333333,29.304666666666662
IsPETaseWT_pool_16636,950.3306666666667,1544.0773333333334,593.7466666666667
IsPETaseWT_pool_24559,1312.3373333333332,1318.7656666666667,6.428333333333512
IsPETaseWT_pool_18771,1226.3076666666668,1290.9823333333334,64.67466666666655
IsPETaseWT_pool_5551,1018.3826666666668,1060.806,42.42333333333329
IsPETaseWT_pool_19190,1011.2980000000001,1681.7436666666665,670.4456666666664
IsPETaseWT_pool_12402,951.9053333333335,956.2123333333333,4.306999999999789
IsPETaseWT_pool_9466,903.3760000000001,837.2833333333333,-66.09266666666679
IsPETaseWT_pool_2321,1247.912,1869.2833333333335,621.3713333333335
IsPETaseWT_pool_24870,1149.5876666666666,1173.0303333333334,23.44266666666681
IsPETaseWT_pool_14601,1158.8786666666667,1765.3046666666667,606.4259999999999
IsPETaseWT_pool_20860,965.0106666666667,1595.5233333333333,630.5126666666666
IsPETaseWT_pool_17557,1078.424,1692.6826666666666,614.2586666666666
IsPETaseWT_pool_25874,949.781,933.009,-16.771999999999935
IsPETaseWT_pool_18397,1189.0583333333334,1808.8679999999997,619.8096666666663
IsPETaseWT_pool_11983,1230.8043333333333,1645.0623333333333,414.25800000000004
IsPETaseWT_pool_11896,1341.6319999999998,1949.1593333333333,607.5273333333334
IsPETaseWT_pool_4041,1092.291,1114.836,22.545000000000073
IsPETaseWT_pool_23308,1118.5136666666667,1151.9679999999998,33.454333333333125
IsPETaseWT_pool_17149,1008.857,1607.683,598.826
IsPETaseWT_pool_11130,1060.845,1660.595,599.75
IsPETaseWT_pool_12363,952.6276666666666,963.5356666666667,10.908000000000015
IsPETaseWT_pool_19345,1002.9699999999999,1010.7453333333333,7.7753333333333785
IsPETaseWT_pool_2931,768.4453333333332,675.4266666666666,-93.0186666666666
IsPETaseWT_pool_19746,995.6803333333334,1055.0073333333332,59.326999999999884
IsPETaseWT_pool_3602,1146.0713333333333,1738.515,592.4436666666668
IsPETaseWT_pool_18228,985.2203333333333,1015.9593333333332,30.73899999999992
IsPETaseWT_pool_26127,1248.954,1278.6216666666667,29.66766666666672
IsPETaseWT_pool_13154,964.179,963.1763333333333,-1.0026666666666415
IsPETaseWT_pool_17296,976.692,1053.9493333333332,77.25733333333324
IsPETaseWT_pool_7972,1022.6039999999999,1667.5243333333335,644.9203333333336
IsPETaseWT_pool_16404,1038.9506666666666,1634.6703333333335,595.7196666666669
IsPETaseWT_pool_24435,930.2280000000001,984.1529999999999,53.92499999999984
IsPETaseWT_pool_20130,983.5316666666668,958.5293333333333,-25.002333333333468
IsPETaseWT_pool_27106,1072.8580000000002,1074.97,2.1119999999998527
IsPETaseWT_pool_18833,980.7256666666667,1091.9750000000001,111.24933333333342
IsPETaseWT_pool_11595,1019.2616666666667,1043.8326666666665,24.5709999999998
IsPETaseWT_pool_13749,1092.335,1067.0813333333333,-25.25366666666673
IsPETaseWT_pool_15422,1001.265,1672.2646666666667,670.9996666666667
IsPETaseWT_pool_16206,1402.177,2014.2749999999999,612.098
IsPETaseWT_pool_14094,985.5496666666667,1025.1723333333332,39.62266666666653
IsPETaseWT_pool_21267,987.614,1019.4256666666666,31.81166666666661
IsPETaseWT_pool_8123,941.7593333333333,956.692,14.932666666666705
IsPETaseWT_pool_5620,1038.473,1141.5706666666667,103.09766666666678
IsPETaseWT_pool_4567,1060.9086666666665,1677.7533333333333,616.8446666666669
IsPETaseWT_pool_25170,1180.95,1204.1013333333333,23.15133333333324
IsPETaseWT_pool_14237,1146.222,1746.6286666666667,600.4066666666668
IsPETaseWT_pool_15484,1072.8026666666667,1061.6633333333332,-11.139333333333525
IsPETaseWT_pool_24025,1365.849,1377.8386666666665,11.989666666666608
IsPETaseWT_pool_22174,1012.9050000000001,1025.5623333333333,12.657333333333213
IsPETaseWT_pool_17227,962.6446666666667,1524.1809999999998,561.5363333333331
IsPETaseWT_pool_21162,855.7093333333333,764.73,-90.97933333333333
IsPETaseWT_pool_11454,1058.3909999999998,1654.5096666666668,596.118666666667
IsPETaseWT_pool_8878,1010.2379999999999,1034.302,24.063999999999965
IsPETaseWT_pool_20117,988.515,1660.0436666666667,671.5286666666667
IsPETaseWT_pool_1578,1065.751,1150.1646666666668,84.41366666666681
IsPETaseWT_pool_19760,1084.5563333333332,1093.598,9.041666666666742
IsPETaseWT_pool_21929,1090.0523333333333,1088.6896666666667,-1.3626666666666551
IsPETaseWT_pool_5567,912.7703333333334,1479.957,567.1866666666667
IsPETaseWT_pool_21362,1019.014,1128.9896666666666,109.9756666666666
IsPETaseWT_pool_9604,1248.3363333333334,1858.799,610.4626666666666
IsPETaseWT_pool_13066,969.2086666666668,1051.015,81.80633333333333
IsPETaseWT_pool_18812,1205.9746666666667,1224.6726666666666,18.697999999999865
IsPETaseWT_pool_13385,1289.7326666666665,1297.3393333333333,7.606666666666797
IsPETaseWT_pool_6953,981.541,980.8389999999999,-0.7020000000001119
IsPETaseWT_pool_11291,979.5833333333334,1059.3813333333333,79.79799999999989
IsPETaseWT_pool_13262,941.8733333333333,1555.96,614.0866666666667
IsPETaseWT_pool_9112,1131.1646666666666,1189.205,58.040333333333365
IsPETaseWT_pool_27439,991.3606666666666,1011.459,20.098333333333358
IsPETaseWT_pool_10239,1203.105,1642.7883333333332,439.68333333333317
IsPETaseWT_pool_19827,977.5486666666667,1552.907,575.3583333333332
IsPETaseWT_pool_6773,896.998,1152.6146666666666,255.61666666666656
IsPETaseWT_pool_15474,1031.894,1080.6236666666666,48.72966666666662
IsPETaseWT_pool_20492,1080.8239999999998,1041.9933333333333,-38.8306666666665
IsPETaseWT_pool_7516,969.5070000000001,1364.1233333333332,394.61633333333316
IsPETaseWT_pool_16099,947.4093333333334,951.9476666666666,4.538333333333185
IsPETaseWT_pool_17912,980.4936666666666,1603.8166666666666,623.323
IsPETaseWT_pool_589,1052.6540000000002,1056.535,3.880999999999858
IsPETaseWT_pool_26695,1184.4283333333333,1583.7463333333333,399.318
IsPETaseWT_pool_697,985.2243333333332,984.313,-0.9113333333332321
IsPETaseWT_pool_19250,1074.432,1627.1823333333334,552.7503333333334
IsPETaseWT_pool_27261,985.1733333333333,1019.9886666666666,34.81533333333334
IsPETaseWT_pool_23000,1143.036,1233.536,90.5
IsPETaseWT_pool_3452,1221.9033333333334,1250.263,28.3596666666665
IsPETaseWT_pool_10353,921.5406666666667,935.4106666666667,13.870000000000005
IsPETaseWT_pool_18131,1198.817,1224.3296666666668,25.512666666666746
IsPETaseWT_pool_14329,973.5546666666665,1586.0163333333333,612.4616666666667
IsPETaseWT_pool_11532,1166.7773333333334,1767.8490000000002,601.0716666666667
IsPETaseWT_pool_27192,935.2036666666667,951.7203333333333,16.51666666666665
IsPETaseWT_pool_26823,869.8926666666666,865.8466666666667,-4.045999999999935
IsPETaseWT_pool_4001,1022.4306666666666,1068.2553333333333,45.824666666666644
IsPETaseWT_pool_16854,923.1443333333333,903.3913333333334,-19.75299999999993
IsPETaseWT_pool_2210,986.6776666666666,1601.8190000000002,615.1413333333336
IsPETaseWT_pool_17932,1068.3296666666665,949.9903333333333,-118.33933333333323
IsPETaseWT_pool_27368,1133.0436666666667,1146.6316666666667,13.587999999999965
IsPETaseWT_pool_12428,1221.7973333333332,1797.6186666666665,575.8213333333333
IsPETaseWT_pool_20612,1058.46,1102.4716666666666,44.01166666666654
IsPETaseWT_pool_20227,1207.79,1843.5293333333332,635.7393333333332
IsPETaseWT_pool_11384,1206.84,1202.43,-4.4099999999998545
IsPETaseWT_pool_16358,1005.881,1032.145,26.26400000000001
IsPETaseWT_pool_8888,1123.1603333333333,1123.4753333333333,0.31500000000005457
IsPETaseWT_pool_18539,1215.693,1264.1033333333332,48.410333333333256
IsPETaseWT_pool_27279,941.4533333333334,920.3913333333334,-21.062000000000012
IsPETaseWT_pool_3411,1209.552,1253.9083333333333,44.356333333333396
IsPETaseWT_pool_20791,1132.8836666666666,1166.4453333333333,33.561666666666724
IsPETaseWT_pool_1904,1246.7369999999999,1298.379,51.64200000000005
IsPETaseWT_pool_26042,1011.6516666666666,1615.437,603.7853333333333
IsPETaseWT_pool_14428,915.79,1031.4066666666668,115.61666666666679
IsPETaseWT_pool_15299,1227.228,1249.8266666666668,22.59866666666676
IsPETaseWT_pool_16835,918.3226666666666,817.4126666666666,-100.90999999999997
IsPETaseWT_pool_8278,979.7416666666667,1535.6323333333332,555.8906666666666
IsPETaseWT_pool_10297,1092.0559999999998,1134.1876666666667,42.13166666666689
IsPETaseWT_pool_23958,1018.7943333333333,1633.4193333333333,614.625
IsPETaseWT_pool_9754,1131.135,1164.3786666666667,33.24366666666674
IsPETaseWT_pool_19251,1307.9206666666666,1308.093,0.1723333333334267
IsPETaseWT_pool_8439,969.9563333333334,1043.1856666666665,73.2293333333331
IsPETaseWT_pool_24170,986.1183333333333,1580.8116666666665,594.6933333333332
IsPETaseWT_pool_5480,1003.0540000000001,1018.625,15.570999999999913
IsPETaseWT_pool_8679,1096.638,1063.8239999999998,-32.81400000000008
IsPETaseWT_pool_9401,1005.0709999999999,1602.396,597.325
IsPETaseWT_pool_8519,893.7526666666666,789.2586666666666,-104.49400000000003
IsPETaseWT_pool_14164,1109.062,1117.9483333333335,8.886333333333596
IsPETaseWT_pool_26297,1030.5546666666667,949.5086666666666,-81.04600000000005
IsPETaseWT_pool_9912,1253.669,1288.8816666666667,35.212666666666564
IsPETaseWT_pool_25752,1143.335,1137.7206666666668,-5.614333333333207
IsPETaseWT_pool_14621,1223.135,1272.4736666666668,49.33866666666677
IsPETaseWT_pool_24628,1019.7673333333333,1673.3316666666667,653.5643333333334
IsPETaseWT_pool_5405,1009.3326666666667,1608.0126666666667,598.6800000000001
IsPETaseWT_pool_4662,1028.6606666666667,1051.537,22.876333333333378
IsPETaseWT_pool_17751,935.1120000000001,1010.2246666666666,75.11266666666654
IsPETaseWT_pool_4318,1174.9273333333333,1183.5506666666668,8.623333333333449
IsPETaseWT_pool_17627,997.976,1586.9736666666668,588.9976666666668
IsPETaseWT_pool_6876,1281.0196666666668,1340.0663333333332,59.0466666666664
IsPETaseWT_pool_15782,960.0746666666668,943.1626666666667,-16.912000000000035
IsPETaseWT_pool_16486,1292.3916666666667,1294.4236666666668,2.032000000000153
IsPETaseWT_pool_23253,970.1763333333333,961.942,-8.234333333333325
IsPETaseWT_pool_18400,862.801,947.1283333333334,84.3273333333334
IsPETaseWT_pool_18196,1012.165,1683.0600000000002,670.8950000000002
IsPETaseWT_pool_19219,1162.7663333333333,1193.3706666666667,30.604333333333443
IsPETaseWT_pool_4240,888.8483333333334,890.0956666666667,1.2473333333333585
IsPETaseWT_pool_20757,1088.8266666666666,1508.7520000000002,419.9253333333336
IsPETaseWT_pool_19500,959.2313333333333,1015.6526666666667,56.42133333333345
IsPETaseWT_pool_24127,1132.498,1123.6366666666665,-8.861333333333505
IsPETaseWT_pool_7722,910.1066666666667,785.2413333333334,-124.8653333333333
IsPETaseWT_pool_12208,901.4386666666666,1404.5339999999999,503.0953333333333
IsPETaseWT_pool_22300,1031.6290000000001,1631.8143333333335,600.1853333333333
IsPETaseWT_pool_27308,1199.0086666666666,1885.839,686.8303333333333
IsPETaseWT_pool_16041,975.995,1560.131666666667,584.1366666666669
IsPETaseWT_pool_27399,869.8173333333334,1414.4669999999999,544.6496666666665
IsPETaseWT_pool_24328,1226.792,1814.9373333333333,588.1453333333334
IsPETaseWT_pool_6952,1049.1063333333334,942.7690000000001,-106.33733333333328
IsPETaseWT_pool_19255,1110.7743333333335,1152.6766666666665,41.90233333333299
IsPETaseWT_pool_26453,970.8146666666667,1030.131666666667,59.317000000000235
IsPETaseWT_pool_17472,1005.59,1670.1383333333333,664.5483333333333
IsPETaseWT_pool_18612,925.109,936.4609999999999,11.351999999999862
IsPETaseWT_pool_20263,917.7703333333334,771.6913333333333,-146.07900000000006
IsPETaseWT_pool_20960,1026.8786666666667,1020.9936666666666,-5.885000000000105
IsPETaseWT_pool_20148,922.9836666666666,919.9236666666667,-3.0599999999999454
IsPETaseWT_pool_22466,1317.0976666666666,1343.9343333333334,26.836666666666815
IsPETaseWT_pool_24647,982.6730000000001,1570.3646666666666,587.6916666666665
IsPETaseWT_pool_20798,993.9596666666666,1625.9456666666665,631.9859999999999
IsPETaseWT_pool_18002,1171.9703333333334,1799.4723333333332,627.5019999999997
IsPETaseWT_pool_14466,1235.51,1940.4473333333335,704.9373333333335
IsPETaseWT_pool_24469,1225.1913333333334,1860.7576666666666,635.5663333333332
IsPETaseWT_pool_21410,1259.337,1310.4759999999999,51.138999999999896
IsPETaseWT_pool_7521,1099.9950000000001,1124.5833333333333,24.58833333333314
IsPETaseWT_pool_14449,877.7476666666666,788.159,-89.58866666666665
IsPETaseWT_pool_16591,851.685,740.7373333333334,-110.94766666666658
IsPETaseWT_pool_21351,889.7163333333334,786.6640000000001,-103.05233333333331
IsPETaseWT_pool_11513,1002.1623333333333,1059.5003333333334,57.33800000000008
IsPETaseWT_pool_22013,1184.8886666666667,1261.973,77.08433333333323
IsPETaseWT_pool_24287,1216.598,1810.08,593.482
IsPETaseWT_pool_18727,1002.0456666666668,1628.0253333333333,625.9796666666665
IsPETaseWT_pool_21686,1061.246,1047.3623333333333,-13.88366666666684
IsPETaseWT_pool_8569,1016.0946666666667,1611.6756666666668,595.581
IsPETaseWT_pool_10156,1106.991,1179.4503333333334,72.45933333333346
IsPETaseWT_pool_6223,1184.174,1200.9643333333333,16.790333333333365
IsPETaseWT_pool_19053,1186.5923333333333,1291.6899999999998,105.09766666666656
IsPETaseWT_pool_15689,860.7550000000001,750.062,-110.6930000000001
IsPETaseWT_pool_17387,1179.5603333333333,1777.7346666666665,598.1743333333332
IsPETaseWT_pool_14311,895.6846666666667,911.0556666666666,15.370999999999981
IsPETaseWT_pool_354,1110.8776666666665,1134.7286666666666,23.851000000000113
IsPETaseWT_pool_25936,1166.3616666666667,1163.8736666666666,-2.4880000000000564
IsPETaseWT_pool_17303,1003.9113333333333,1085.3680000000002,81.45666666666682
IsPETaseWT_pool_23824,1036.6963333333333,1657.7113333333334,621.0150000000001
IsPETaseWT_pool_9312,1086.06,1148.68,62.62000000000012
IsPETaseWT_pool_9266,852.206,746.0813333333334,-106.1246666666666
IsPETaseWT_pool_4934,921.3416666666667,918.1196666666666,-3.2220000000000937
IsPETaseWT_pool_10653,816.7183333333334,707.006,-109.71233333333339
IsPETaseWT_pool_18180,989.828,1610.5556666666664,620.7276666666664
IsPETaseWT_pool_23270,923.611,823.7823333333332,-99.82866666666678
IsPETaseWT_pool_23683,1102.6323333333332,1161.0533333333333,58.42100000000005
IsPETaseWT_pool_24752,975.5219999999999,981.159,5.637000000000057
IsPETaseWT_pool_4388,1077.1176666666668,1114.807,37.68933333333325
IsPETaseWT_pool_1617,840.4063333333334,689.052,-151.35433333333333
IsPETaseWT_pool_18964,1209.662,1283.6866666666667,74.02466666666669
IsPETaseWT_pool_25495,960.89,944.4843333333333,-16.40566666666666
IsPETaseWT_pool_11118,1158.118,1216.677,58.55899999999997
IsPETaseWT_pool_18596,1311.9733333333334,1347.9386666666667,35.96533333333332
IsPETaseWT_pool_10595,1271.6903333333332,1288.0803333333333,16.3900000000001
IsPETaseWT_pool_16014,795.755,672.5353333333334,-123.21966666666663
IsPETaseWT_pool_20335,1012.91,1598.162,585.2520000000001
IsPETaseWT_pool_15397,1030.2836666666667,1052.126,21.842333333333272
IsPETaseWT_pool_14158,1171.2163333333335,1751.8663333333334,580.6499999999999
IsPETaseWT_pool_20500,1185.8256666666666,1789.2079999999999,603.3823333333332
IsPETaseWT_pool_15412,1165.1373333333333,1168.2933333333333,3.155999999999949
IsPETaseWT_pool_22125,985.187,988.2616666666667,3.0746666666666442
IsPETaseWT_pool_10314,1042.011,1083.5263333333335,41.5153333333335
IsPETaseWT_pool_820,951.8993333333334,922.422,-29.477333333333377
IsPETaseWT_pool_8094,1217.687,1328.96,111.27300000000014
IsPETaseWT_pool_24387,840.419,1130.385,289.966
IsPETaseWT_pool_13962,1077.659,1188.5003333333334,110.8413333333333
IsPETaseWT_pool_6853,967.7576666666668,1556.4816666666666,588.7239999999998
IsPETaseWT_pool_20217,1063.4846666666665,1073.8973333333333,10.412666666666837
IsPETaseWT_pool_7881,1097.7776666666666,1179.1063333333334,81.32866666666678
IsPETaseWT_pool_23721,1356.311,1984.29,627.979
IsPETaseWT_pool_531,1142.3916666666667,1134.2266666666667,-8.164999999999964
IsPETaseWT_pool_7318,843.16,703.7813333333334,-139.37866666666662
IsPETaseWT_pool_26191,1089.3093333333334,1098.8906666666664,9.581333333333077
IsPETaseWT_pool_11556,1136.103,1182.3433333333332,46.24033333333318
IsPETaseWT_pool_17455,1154.143,1193.8583333333333,39.71533333333332
IsPETaseWT_pool_4628,1126.576,1180.5643333333335,53.98833333333346
IsPETaseWT_pool_18333,1202.6913333333334,1255.8799999999999,53.18866666666645
IsPETaseWT_pool_21809,1035.0246666666667,1628.2256666666665,593.2009999999998
IsPETaseWT_pool_27294,1198.403,1793.381,594.9780000000001
IsPETaseWT_pool_25238,968.1073333333334,1371.9106666666667,403.8033333333333
IsPETaseWT_pool_7674,1164.3990000000001,1184.6636666666666,20.26466666666647
IsPETaseWT_pool_24894,905.79,1461.6443333333334,555.8543333333334
IsPETaseWT_pool_27590,1101.4003333333333,1060.709,-40.691333333333205
IsPETaseWT_pool_20882,1146.5993333333333,1196.4650000000001,49.86566666666681
IsPETaseWT_pool_18696,984.3836666666666,992.4366666666666,8.052999999999997
IsPETaseWT_pool_11279,958.4773333333334,974.942,16.46466666666663
IsPETaseWT_pool_8870,954.9833333333332,994.7716666666666,39.78833333333341
IsPETaseWT_pool_23423,1057.5136666666667,1057.6283333333333,0.11466666666660785
IsPETaseWT_pool_18782,1087.138,1078.1293333333333,-9.008666666666613
IsPETaseWT_pool_8793,1192.934,1265.256,72.32200000000012
IsPETaseWT_pool_21125,1086.0053333333333,1742.6449999999998,656.6396666666665
IsPETaseWT_pool_14083,882.0279999999999,877.4093333333334,-4.618666666666513
IsPETaseWT_pool_17796,947.7853333333334,963.0433333333334,15.258000000000038
IsPETaseWT_pool_16025,1172.8076666666666,1290.4816666666666,117.67399999999998
IsPETaseWT_pool_19268,961.415,1543.2413333333334,581.8263333333334
IsPETaseWT_pool_3425,975.1166666666667,1015.7773333333333,40.66066666666666
IsPETaseWT_pool_19383,1000.9756666666667,899.198,-101.77766666666673
IsPETaseWT_pool_2182,1112.543,1112.9489999999998,0.40599999999994907
IsPETaseWT_pool_6602,1127.1983333333333,1151.2153333333333,24.017000000000053
IsPETaseWT_pool_16245,1028.739,1471.890666666667,443.15166666666687
IsPETaseWT_pool_23104,1170.9959999999999,1194.6290000000001,23.633000000000266
IsPETaseWT_pool_25197,980.8473333333335,986.3733333333333,5.52599999999984
IsPETaseWT_pool_11878,1094.1216666666667,1058.6583333333335,-35.46333333333314
IsPETaseWT_pool_9041,940.458,936.491,-3.9669999999999845
IsPETaseWT_pool_10113,889.6803333333334,912.54,22.859666666666612
IsPETaseWT_pool_24844,1101.9603333333334,1006.404,-95.55633333333344
IsPETaseWT_pool_9248,1049.66,1043.8976666666667,-5.762333333333345
IsPETaseWT_pool_17254,848.7766666666666,733.283,-115.49366666666663
IsPETaseWT_pool_6915,999.224,979.7176666666668,-19.50633333333326
IsPETaseWT_pool_8768,1043.0453333333332,1009.154,-33.89133333333325
IsPETaseWT_pool_12628,986.7310000000001,1606.5576666666666,619.8266666666665
IsPETaseWT_pool_8606,856.348,713.936,-142.41199999999992
IsPETaseWT_pool_13607,1048.9533333333331,1080.278,31.32466666666687
IsPETaseWT_pool_25179,1037.4433333333334,900.7130000000001,-136.7303333333333
IsPETaseWT_pool_6697,1020.6806666666668,1645.5266666666666,624.8459999999999
IsPETaseWT_pool_15693,1119.8326666666667,1720.2863333333335,600.4536666666668
IsPETaseWT_pool_20155,955.2863333333333,1008.928,53.64166666666665
IsPETaseWT_pool_11153,931.2416666666667,1324.3263333333332,393.0846666666665
IsPETaseWT_pool_7518,1115.5563333333332,1132.866,17.30966666666677
IsPETaseWT_pool_8033,1029.3826666666666,1690.6973333333333,661.3146666666667
IsPETaseWT_pool_20342,973.2766666666666,984.909,11.63233333333335
IsPETaseWT_pool_3703,1235.7160000000001,1261.6556666666668,25.939666666666653
IsPETaseWT_pool_18886,1109.5076666666666,1152.2703333333334,42.762666666666746
IsPETaseWT_pool_19775,1038.3239999999998,1637.615,599.2910000000002
IsPETaseWT_pool_7774,1049.9263333333333,1069.0276666666666,19.101333333333287
IsPETaseWT_pool_624,1371.9350000000002,1424.701,52.76599999999985
IsPETaseWT_pool_6526,926.5866666666667,886.6643333333333,-39.92233333333343
IsPETaseWT_pool_2533,1031.3503333333333,1053.0196666666668,21.669333333333498
IsPETaseWT_pool_8626,1140.943,1241.758,100.81500000000005
IsPETaseWT_pool_22927,911.3993333333333,925.5833333333334,14.184000000000083
IsPETaseWT_pool_23155,1222.8873333333333,1816.0006666666668,593.1133333333335
IsPETaseWT_pool_12530,968.7800000000001,1573.3596666666665,604.5796666666664
IsPETaseWT_pool_25239,998.3996666666667,1682.585,684.1853333333333
IsPETaseWT_pool_22244,1131.0506666666668,1756.1133333333335,625.0626666666667
IsPETaseWT_pool_8907,1170.528,1785.406,614.8779999999999
IsPETaseWT_pool_21834,1156.8866666666665,1180.0386666666666,23.152000000000044
IsPETaseWT_pool_19444,944.41,1572.9256666666668,628.5156666666668
IsPETaseWT_pool_25260,1223.7246666666667,1235.474,11.749333333333198
IsPETaseWT_pool_3170,1051.0426666666665,973.302,-77.74066666666647
IsPETaseWT_pool_1020,998.3926666666666,1058.2060000000001,59.8133333333335
IsPETaseWT_pool_24720,1112.0136666666667,1090.8903333333335,-21.12333333333322
IsPETaseWT_pool_15450,982.8470000000001,1017.7199999999999,34.87299999999982
IsPETaseWT_pool_17128,973.1733333333333,1036.444,63.27066666666667
IsPETaseWT_pool_3480,1017.1793333333334,1092.9156666666668,75.73633333333339
IsPETaseWT_pool_16394,975.5406666666667,1387.1543333333332,411.6136666666665
IsPETaseWT_pool_10928,927.4966666666666,932.9473333333334,5.450666666666848
IsPETaseWT_pool_15590,1372.7463333333333,2005.9773333333333,633.231
IsPETaseWT_pool_8613,968.2203333333333,1553.0196666666668,584.7993333333335
IsPETaseWT_pool_10268,1076.867,1713.9343333333334,637.0673333333334
IsPETaseWT_pool_11920,1105.1046666666668,1689.3666666666668,584.262
IsPETaseWT_pool_2990,1327.41,1945.7579999999998,618.3479999999997
IsPETaseWT_pool_21849,1329.7453333333333,1391.2113333333334,61.46600000000012
IsPETaseWT_pool_13856,1092.1243333333334,1135.7430000000002,43.61866666666674
IsPETaseWT_pool_16943,1225.4836666666667,1829.509,604.0253333333333
IsPETaseWT_pool_27329,909.2963333333333,1375.9823333333334,466.68600000000004
IsPETaseWT_pool_16378,1022.1046666666666,1654.177,632.0723333333333
IsPETaseWT_pool_6671,1037.0323333333333,1047.7186666666666,10.686333333333323
IsPETaseWT_pool_7544,1009.4323333333333,1421.9426666666666,412.5103333333333
IsPETaseWT_pool_21485,951.6496666666667,1329.8493333333333,378.19966666666664
IsPETaseWT_pool_17273,981.0936666666666,1647.8533333333332,666.7596666666666
IsPETaseWT_pool_19299,893.627,897.9906666666667,4.363666666666745
IsPETaseWT_pool_7659,1118.673,1166.428,47.75500000000011
IsPETaseWT_pool_17519,1136.5763333333332,1845.844,709.2676666666669
IsPETaseWT_pool_14717,1166.9973333333332,1759.9153333333334,592.9180000000001
IsPETaseWT_pool_16255,1108.0426666666667,1129.673,21.630333333333283
IsPETaseWT_pool_23820,872.9356666666666,769.5876666666667,-103.34799999999996
IsPETaseWT_pool_8152,1112.6916666666666,1143.7763333333335,31.084666666666863
IsPETaseWT_pool_10257,1224.505,1291.552,67.0469999999998
IsPETaseWT_pool_12039,1037.1753333333334,1633.1586666666665,595.9833333333331
IsPETaseWT_pool_10199,966.018,978.6073333333334,12.589333333333343
IsPETaseWT_pool_6256,993.8070000000001,1035.7916666666667,41.98466666666661
IsPETaseWT_pool_21907,1096.109,1175.2093333333332,79.10033333333331
IsPETaseWT_pool_18500,1094.8216666666667,1705.1213333333333,610.2996666666666
IsPETaseWT_pool_9689,1069.0006666666666,1110.6293333333333,41.62866666666673
IsPETaseWT_pool_4923,1070.529,1094.3373333333334,23.808333333333394
IsPETaseWT_pool_15287,1174.3773333333334,1244.3709999999999,69.99366666666651
IsPETaseWT_pool_12608,1368.7519999999997,1411.2513333333334,42.49933333333365
IsPETaseWT_pool_22191,992.872,1663.612,670.7400000000001
IsPETaseWT_pool_1831,948.9593333333332,1005.177,56.21766666666679
IsPETaseWT_pool_20044,1351.9376666666667,1347.7993333333334,-4.138333333333321
IsPETaseWT_pool_15401,1037.012,1734.6236666666666,697.6116666666667
IsPETaseWT_pool_4584,1373.1299999999999,1411.8909999999998,38.76099999999997
IsPETaseWT_pool_23599,1074.9266666666665,1094.3919999999998,19.46533333333332
IsPETaseWT_pool_3635,724.4036666666667,615.9693333333333,-108.43433333333337
IsPETaseWT_pool_24871,967.053,1339.9786666666666,372.92566666666664
IsPETaseWT_pool_16364,942.3976666666667,1035.8446666666666,93.44699999999989
IsPETaseWT_pool_18748,953.7583333333333,990.9006666666668,37.142333333333454
IsPETaseWT_pool_2178,1015.4696666666667,1415.999,400.5293333333333
IsPETaseWT_pool_26314,1237.7993333333334,1274.6796666666667,36.88033333333328
IsPETaseWT_pool_17611,926.584,1048.2730000000001,121.68900000000019
IsPETaseWT_pool_23378,1095.4356666666665,1705.957333333333,610.5216666666665
IsPETaseWT_pool_21060,853.0649999999999,1345.8016666666667,492.7366666666668
IsPETaseWT_pool_17421,1070.3836666666666,1130.6853333333331,60.301666666666506
IsPETaseWT_pool_7911,777.4500000000002,706.8916666666668,-70.5583333333334
IsPETaseWT_pool_16988,1147.8100000000002,1764.3956666666666,616.5856666666664
IsPETaseWT_pool_24979,969.5323333333332,985.0390000000001,15.506666666666888
IsPETaseWT_pool_7035,1228.7876666666666,1245.103,16.315333333333456
IsPETaseWT_pool_21235,1016.535,1581.86,565.3249999999999
IsPETaseWT_pool_3871,931.0476666666667,1014.7863333333333,83.73866666666663
IsPETaseWT_pool_13553,1149.2713333333334,1172.4563333333333,23.184999999999945
IsPETaseWT_pool_14556,1041.4686666666666,976.764,-64.70466666666664
IsPETaseWT_pool_10960,1378.4443333333336,1417.28,38.835666666666384
IsPETaseWT_pool_10690,956.6763333333333,959.5106666666667,2.8343333333333476
IsPETaseWT_pool_17199,946.783,966.2543333333333,19.47133333333329
IsPETaseWT_pool_10135,1360.2753333333333,1446.2163333333335,85.94100000000026
IsPETaseWT_pool_23099,844.2533333333334,1298.8696666666667,454.6163333333333
IsPETaseWT_pool_25540,1341.987,1422.8583333333333,80.87133333333327
IsPETaseWT_pool_18165,979.8186666666667,1566.5159999999998,586.6973333333332
IsPETaseWT_pool_27756,1048.762,1060.1783333333333,11.416333333333341
IsPETaseWT_pool_21013,1051.6903333333332,1034.5253333333333,-17.164999999999964
IsPETaseWT_pool_21725,1072.6486666666667,1674.6156666666666,601.9669999999999
IsPETaseWT_pool_19389,1171.7326666666665,1183.1113333333333,11.378666666666732
IsPETaseWT_pool_24282,1126.626,1727.3316666666667,600.7056666666667
IsPETaseWT_pool_23013,1182.3456666666668,1780.4293333333335,598.0836666666667
IsPETaseWT_pool_483,1004.1626666666666,982.5126666666666,-21.649999999999977
IsPETaseWT_pool_13934,1010.16,1074.4923333333334,64.3323333333334
IsPETaseWT_pool_3909,884.4806666666667,839.4053333333333,-45.07533333333345
IsPETaseWT_pool_24010,1254.756,1675.4093333333333,420.6533333333332
IsPETaseWT_pool_25336,1046.7,1055.6476666666667,8.947666666666692
IsPETaseWT_pool_16182,1398.9193333333333,1980.229,581.3096666666668
IsPETaseWT_pool_7682,978.053,1665.186333333333,687.1333333333331
IsPETaseWT_pool_17443,979.7446666666666,1580.0873333333332,600.3426666666666
IsPETaseWT_pool_27524,993.6756666666666,1074.9930000000002,81.31733333333352
IsPETaseWT_pool_11293,1021.7193333333333,1063.8786666666667,42.15933333333339
IsPETaseWT_pool_20213,910.7689999999999,914.768,3.9990000000001373
IsPETaseWT_pool_16823,971.1056666666667,971.7253333333333,0.6196666666666033
IsPETaseWT_pool_20978,964.337,827.7983333333333,-136.5386666666667
IsPETaseWT_pool_23938,1012.8533333333334,1035.9496666666666,23.09633333333329
IsPETaseWT_pool_15539,1030.4163333333333,1052.1196666666667,21.703333333333376
IsPETaseWT_pool_865,976.3266666666667,1561.7503333333334,585.4236666666667
IsPETaseWT_pool_17799,1092.484,1119.6963333333333,27.21233333333339
IsPETaseWT_pool_17694,974.8623333333334,990.927,16.064666666666653
IsPETaseWT_pool_8634,986.6503333333334,1044.7356666666667,58.085333333333324
IsPETaseWT_pool_16895,1224.732,1227.2256666666667,2.4936666666667406
IsPETaseWT_pool_22227,1365.0133333333333,1951.393,586.3796666666667
IsPETaseWT_pool_2255,1418.2833333333335,1456.6263333333334,38.34299999999985
IsPETaseWT_pool_8517,1038.513,939.6440000000001,-98.8689999999998
IsPETaseWT_pool_8773,1030.232,1648.5946666666666,618.3626666666667
IsPETaseWT_pool_19724,1157.2203333333334,1213.9323333333334,56.71199999999999
IsPETaseWT_pool_2500,1011.3396666666667,1011.292,-0.047666666666714264
IsPETaseWT_pool_10273,1171.3176666666666,1169.3776666666665,-1.9400000000000546
IsPETaseWT_pool_7719,984.0433333333334,987.7689999999999,3.725666666666484
IsPETaseWT_pool_19673,1059.0753333333334,1087.4576666666667,28.382333333333236
IsPETaseWT_pool_9431,967.2743333333334,1560.9413333333334,593.667
IsPETaseWT_pool_15193,921.9976666666666,1498.033666666667,576.0360000000003
IsPETaseWT_pool_23627,1352.1666666666667,1986.3043333333335,634.1376666666667
IsPETaseWT_pool_5939,1379.563,1425.6689999999999,46.10599999999977
IsPETaseWT_pool_13614,956.9229999999999,1028.6563333333334,71.73333333333346
IsPETaseWT_pool_20475,963.4519999999999,1097.4013333333332,133.94933333333336
IsPETaseWT_pool_21122,984.2136666666667,1098.2079999999999,113.9943333333332
IsPETaseWT_pool_12497,1028.6143333333332,1425.4496666666666,396.83533333333344
IsPETaseWT_pool_7296,866.6573333333334,777.7193333333333,-88.9380000000001
IsPETaseWT_pool_15275,960.6853333333333,964.1923333333334,3.507000000000062
IsPETaseWT_pool_20892,1152.007,1580.738,428.731
IsPETaseWT_pool_15517,929.9133333333333,961.424,31.51066666666668
IsPETaseWT_pool_7795,1013.516,1063.8273333333334,50.31133333333344
IsPETaseWT_pool_26318,1075.7566666666664,1102.369,26.61233333333348
IsPETaseWT_pool_10458,876.7596666666667,805.4200000000001,-71.33966666666663
IsPETaseWT_pool_5774,927.916,901.5843333333333,-26.331666666666706
IsPETaseWT_pool_22650,911.3246666666668,874.4473333333334,-36.877333333333354
IsPETaseWT_pool_7373,1006.8763333333333,1040.1076666666665,33.23133333333328
IsPETaseWT_pool_18509,985.4216666666666,1598.310666666667,612.8890000000004
IsPETaseWT_pool_14712,983.8066666666667,1078.1603333333333,94.35366666666653
IsPETaseWT_pool_20783,1057.1126666666667,962.259,-94.85366666666664
IsPETaseWT_pool_16151,1234.2643333333333,1268.3793333333333,34.11500000000001
IsPETaseWT_pool_12254,1105.5913333333335,1145.028,39.4366666666665
IsPETaseWT_pool_26012,1078.4096666666667,1062.0133333333333,-16.39633333333336
IsPETaseWT_pool_20470,1113.3196666666665,1144.6813333333332,31.36166666666668
IsPETaseWT_pool_15906,943.5523333333334,967.8433333333332,24.290999999999826
IsPETaseWT_pool_24798,952.0513333333333,981.833,29.781666666666638
IsPETaseWT_pool_22839,968.3386666666667,1586.3473333333334,618.0086666666667
IsPETaseWT_pool_22326,1222.7146666666667,1849.7993333333334,627.0846666666666
IsPETaseWT_pool_27772,1152.131,1266.206,114.07499999999982
IsPETaseWT_pool_27127,1017.3906666666667,1060.9313333333332,43.54066666666654
IsPETaseWT_pool_21785,950.4143333333333,956.6446666666667,6.230333333333419
IsPETaseWT_pool_18550,1010.8726666666666,955.9646666666667,-54.9079999999999
IsPETaseWT_pool_24713,1123.1613333333335,1755.702,632.5406666666665
IsPETaseWT_pool_19587,1043.545,1654.5259999999998,610.9809999999998
IsPETaseWT_pool_25575,1162.1636666666666,1225.377,63.21333333333337
IsPETaseWT_pool_26355,953.3953333333334,1569.613,616.2176666666667
IsPETaseWT_pool_18805,951.9193333333333,961.047,9.127666666666755
IsPETaseWT_pool_12686,1042.564,1667.818,625.2539999999999
IsPETaseWT_pool_20593,1001.9116666666667,1032.1409999999998,30.229333333333102
IsPETaseWT_pool_10925,926.273,1391.2226666666666,464.94966666666653
IsPETaseWT_pool_11863,987.849,1024.157,36.30799999999988
IsPETaseWT_pool_19227,1022.1640000000001,1608.5169999999998,586.3529999999997
IsPETaseWT_pool_6445,931.212,1432.0796666666665,500.86766666666654
IsPETaseWT_pool_5994,962.469,1004.06,41.590999999999894
IsPETaseWT_pool_10886,1048.888,1067.501,18.613000000000056
IsPETaseWT_pool_25552,955.8679999999999,963.9796666666667,8.111666666666792
IsPETaseWT_pool_13300,1106.1496666666665,1725.2516666666668,619.1020000000003
IsPETaseWT_pool_1299,1039.303,1071.4993333333332,32.19633333333309
IsPETaseWT_pool_23790,1242.049,1917.7946666666667,675.7456666666667
IsPETaseWT_pool_11347,1042.9153333333334,926.9983333333333,-115.91700000000003
IsPETaseWT_pool_21900,1356.9226666666666,1485.356,128.4333333333334
IsPETaseWT_pool_22598,1131.5123333333333,1824.283666666667,692.7713333333336
IsPETaseWT_pool_23845,1165.7436666666665,1800.2403333333332,634.4966666666667
IsPETaseWT_pool_22179,1044.241,940.9549999999999,-103.28600000000006
IsPETaseWT_pool_27844,1167.2846666666667,1277.4023333333332,110.11766666666654
IsPETaseWT_pool_22288,960.7326666666668,1615.339,654.6063333333332
IsPETaseWT_pool_1891,916.4780000000001,926.9616666666667,10.483666666666636
IsPETaseWT_pool_15842,994.96,1644.8819999999998,649.9219999999998
IsPETaseWT_pool_6492,964.578,862.3759999999999,-102.20200000000011
IsPETaseWT_pool_16552,858.9246666666667,763.8086666666667,-95.11599999999999
IsPETaseWT_pool_17280,927.4486666666667,887.6986666666667,-39.75
IsPETaseWT_pool_10489,1225.6126666666667,1838.3313333333335,612.7186666666669
IsPETaseWT_pool_14386,1010.665,1002.2273333333333,-8.4376666666667
IsPETaseWT_pool_14221,955.4229999999999,951.2663333333334,-4.156666666666524
IsPETaseWT_pool_25619,1101.5206666666666,1094.0706666666667,-7.449999999999818
IsPETaseWT_pool_9585,1181.25,1202.2953333333332,21.045333333333247
IsPETaseWT_pool_5345,981.4416666666666,980.4706666666666,-0.9710000000000036
IsPETaseWT_pool_23849,853.8696666666666,1338.0013333333334,484.1316666666668
IsPETaseWT_pool_14328,1135.639,1169.0333333333333,33.39433333333341
IsPETaseWT_pool_1973,957.3226666666666,979.843,22.520333333333383
IsPETaseWT_pool_26068,1335.0343333333333,1351.526,16.491666666666788
IsPETaseWT_pool_15124,993.0126666666666,1034.2336666666667,41.22100000000012
IsPETaseWT_pool_5089,780.5596666666667,663.1206666666667,-117.43899999999996
IsPETaseWT_pool_20443,968.5493333333334,1630.256,661.7066666666667
IsPETaseWT_pool_24403,967.2746666666667,972.382,5.1073333333332585
IsPETaseWT_pool_7875,990.183,1009.621,19.437999999999988
IsPETaseWT_pool_15445,962.1610000000001,1052.6716666666666,90.51066666666657
IsPETaseWT_pool_26847,1196.4296666666667,1624.4710000000002,428.04133333333357
IsPETaseWT_pool_2366,1125.7346666666665,1745.49,619.7553333333335
IsPETaseWT_pool_24671,1141.7389999999998,1143.358,1.6190000000001419
IsPETaseWT_pool_23576,975.1116666666667,1561.416,586.3043333333333
IsPETaseWT_pool_6292,1032.0646666666667,1631.381,599.3163333333334
IsPETaseWT_pool_21423,936.466,1620.6553333333334,684.1893333333334
IsPETaseWT_pool_27144,956.1113333333333,1559.2546666666667,603.1433333333334
IsPETaseWT_pool_17436,1187.743,1256.265,68.52200000000016
IsPETaseWT_pool_19373,910.0523333333334,881.1163333333334,-28.936000000000035
IsPETaseWT_pool_3472,965.1666666666666,1532.397,567.2303333333333
IsPETaseWT_pool_16793,1198.2403333333334,1230.2259999999999,31.985666666666475
IsPETaseWT_pool_13849,978.6893333333334,882.0133333333333,-96.67600000000004
IsPETaseWT_pool_5687,1026.3733333333332,1473.0900000000001,446.7166666666669
IsPETaseWT_pool_17450,892.0136666666667,902.708,10.694333333333248
IsPETaseWT_pool_20967,1115.3890000000001,1079.248,-36.141000000000076
IsPETaseWT_pool_24970,958.8683333333333,861.2403333333333,-97.62800000000004
IsPETaseWT_pool_7191,921.4110000000001,813.7556666666666,-107.65533333333349
IsPETaseWT_pool_16774,1146.5103333333334,1761.9863333333333,615.4759999999999
IsPETaseWT_pool_21088,916.6906666666667,986.0970000000001,69.40633333333335
IsPETaseWT_pool_15026,840.2526666666666,716.0463333333333,-124.2063333333333
IsPETaseWT_pool_11161,972.1730000000001,1559.4813333333332,587.308333333333
IsPETaseWT_pool_21225,1024.6703333333332,1066.006666666667,41.33633333333364
IsPETaseWT_pool_26061,1253.1556666666665,1265.6670000000001,12.511333333333596
IsPETaseWT_pool_12963,967.9176666666667,993.0996666666666,25.181999999999903
IsPETaseWT_pool_13800,1226.2549999999999,1235.8936666666666,9.638666666666722
IsPETaseWT_pool_21107,1078.285,1144.2593333333334,65.97433333333333
IsPETaseWT_pool_8002,995.6943333333332,1027.5673333333332,31.872999999999934
IsPETaseWT_pool_294,1069.7253333333335,1087.991,18.265666666666448
IsPETaseWT_pool_7993,970.051,1557.2376666666667,587.1866666666666
IsPETaseWT_pool_16843,993.0396666666667,1086.0539999999999,93.01433333333318
IsPETaseWT_pool_13128,971.5316666666668,1364.4073333333333,392.8756666666666
IsPETaseWT_pool_26623,1026.925,1137.485,110.55999999999995
IsPETaseWT_pool_25121,1009.3613333333333,1022.5756666666666,13.214333333333343
IsPETaseWT_pool_26174,959.0456666666668,1029.9886666666669,70.9430000000001
IsPETaseWT_pool_16137,1074.207,1173.1006666666665,98.89366666666638
IsPETaseWT_pool_828,1308.7286666666666,1360.9316666666666,52.202999999999975
IsPETaseWT_pool_24902,1088.8143333333335,1083.497,-5.3173333333334085
IsPETaseWT_pool_20230,992.79,1040.5803333333333,47.790333333333365
IsPETaseWT_pool_215,970.657,1563.742,593.0849999999999
IsPETaseWT_pool_27887,949.7426666666667,938.5553333333334,-11.1873333333333
IsPETaseWT_pool_25072,1338.5616666666667,1413.5756666666666,75.0139999999999
IsPETaseWT_pool_27300,966.6686666666666,1539.597,572.9283333333334
IsPETaseWT_pool_14277,969.178,1575.47,606.292
IsPETaseWT_pool_12654,1024.3353333333332,1628.7540000000001,604.4186666666669
IsPETaseWT_pool_14459,943.5423333333333,924.6176666666667,-18.924666666666667
IsPETaseWT_pool_13460,1036.3543333333334,1045.5306666666665,9.176333333333105
IsPETaseWT_pool_19554,1153.343,1773.0633333333333,619.7203333333332
IsPETaseWT_pool_16270,966.9666666666667,1601.4283333333333,634.4616666666666
IsPETaseWT_pool_2569,870.0966666666667,1361.3590000000002,491.26233333333346
IsPETaseWT_pool_21269,890.6106666666666,904.9183333333334,14.307666666666819
IsPETaseWT_pool_25542,1373.612,1497.0676666666666,123.4556666666665
IsPETaseWT_pool_16149,1164.9106666666667,1212.0403333333334,47.12966666666671
IsPETaseWT_pool_7329,1294.931,1397.4156666666668,102.48466666666673
IsPETaseWT_pool_6645,989.1343333333334,1581.838,592.7036666666665
IsPETaseWT_pool_27048,1132.182,1194.1846666666668,62.002666666666755
IsPETaseWT_pool_21402,1027.2396666666666,1432.0643333333335,404.8246666666669
IsPETaseWT_pool_9089,1211.2583333333334,1231.0026666666665,19.74433333333309
IsPETaseWT_pool_23484,921.781,827.3166666666666,-94.46433333333334
IsPETaseWT_pool_25593,986.9723333333333,1046.9306666666666,59.95833333333337
IsPETaseWT_pool_6872,890.9126666666666,904.2723333333333,13.359666666666726
IsPETaseWT_pool_9734,974.3713333333334,1398.0883333333334,423.717
IsPETaseWT_pool_14632,1066.5673333333334,1051.464,-15.103333333333467
IsPETaseWT_pool_27616,967.4213333333333,844.4119999999999,-123.00933333333342
IsPETaseWT_pool_26112,969.6706666666665,963.7620000000001,-5.908666666666477
IsPETaseWT_pool_20883,886.4826666666667,778.5403333333334,-107.9423333333333
IsPETaseWT_pool_17744,945.4830000000001,832.4873333333334,-112.9956666666667
IsPETaseWT_pool_13257,1040.7659999999998,1065.1403333333333,24.374333333333425
IsPETaseWT_pool_26932,916.2903333333334,921.1260000000001,4.835666666666725
IsPETaseWT_pool_26998,924.3876666666666,933.7873333333333,9.39966666666669
IsPETaseWT_pool_11218,1151.9423333333334,1771.6303333333333,619.6879999999999
IsPETaseWT_pool_3454,987.6833333333334,1057.814,70.13066666666668
IsPETaseWT_pool_24490,1296.6846666666668,1341.6753333333334,44.990666666666584
IsPETaseWT_pool_1491,1010.0133333333333,1626.5266666666666,616.5133333333333
IsPETaseWT_pool_9623,1108.5063333333335,1695.745,587.2386666666664
IsPETaseWT_pool_14046,973.6016666666668,983.1203333333333,9.51866666666649
IsPETaseWT_pool_694,1074.0683333333334,1079.8886666666667,5.820333333333338
IsPETaseWT_pool_22378,1258.37,1302.6343333333332,44.2643333333333
IsPETaseWT_pool_27405,1014.7306666666667,1067.4103333333335,52.679666666666776
IsPETaseWT_pool_27416,1232.409,1366.769,134.3599999999999
IsPETaseWT_pool_9102,992.0243333333334,1397.7333333333333,405.70899999999995
IsPETaseWT_pool_857,1068.8723333333335,1089.8770000000002,21.004666666666708
IsPETaseWT_pool_18806,980.0733333333334,863.0416666666666,-117.03166666666675
IsPETaseWT_pool_24952,972.7049999999999,1039.956,67.25099999999998
IsPETaseWT_pool_10111,1335.4646666666667,1348.38,12.915333333333365
IsPETaseWT_pool_3030,1071.3066666666666,1122.8329999999999,51.52633333333324
IsPETaseWT_pool_19487,1225.4226666666666,1837.2663333333333,611.8436666666666
IsPETaseWT_pool_26420,956.4843333333333,986.6596666666668,30.17533333333347
IsPETaseWT_pool_8376,985.4230000000001,995.3026666666666,9.87966666666648
IsPETaseWT_pool_16065,1014.1516666666666,1046.9303333333335,32.77866666666682
IsPETaseWT_pool_19083,907.1696666666667,1471.9096666666667,564.74
IsPETaseWT_pool_5568,1086.1873333333333,1096.8,10.612666666666655
IsPETaseWT_pool_23070,852.8703333333333,739.7446666666666,-113.12566666666669
IsPETaseWT_pool_3119,952.2213333333333,942.5749999999999,-9.64633333333336
IsPETaseWT_pool_1563,987.756,1605.536,617.7800000000001
IsPETaseWT_pool_23044,868.0196666666666,909.4356666666666,41.416000000000054
IsPETaseWT_pool_1845,952.1203333333333,1025.1016666666667,72.9813333333334
IsPETaseWT_pool_4889,808.25,834.0479999999999,25.797999999999888
IsPETaseWT_pool_5486,1029.711,1606.9333333333334,577.2223333333334
IsPETaseWT_pool_14344,1126.0423333333333,1722.2166666666665,596.1743333333332
IsPETaseWT_pool_9625,975.3603333333334,847.6716666666666,-127.68866666666679
IsPETaseWT_pool_16908,912.476,1405.8609999999999,493.3849999999999
IsPETaseWT_pool_10599,1190.2569999999998,1230.9586666666667,40.701666666666824
IsPETaseWT_pool_17288,989.07,1011.6333333333333,22.563333333333276
IsPETaseWT_pool_19194,1035.4186666666667,1649.024666666667,613.6060000000002
IsPETaseWT_pool_16483,1178.9399999999998,1253.5383333333332,74.59833333333336
IsPETaseWT_pool_12881,831.5360000000001,1102.415,270.8789999999999
IsPETaseWT_pool_27150,1041.8356666666666,959.6999999999999,-82.13566666666668
IsPETaseWT_pool_20142,972.922,964.239,-8.682999999999993
IsPETaseWT_pool_5500,978.526,1069.9863333333333,91.46033333333332
IsPETaseWT_pool_5527,1053.7223333333334,1095.3419999999999,41.61966666666649
IsPETaseWT_pool_15434,1126.9066666666665,1144.9133333333332,18.00666666666666
IsPETaseWT_pool_15058,1224.8873333333333,1222.606,-2.2813333333333503
IsPETaseWT_pool_25371,1131.168,1155.9036666666668,24.73566666666693
IsPETaseWT_pool_4350,1061.7726666666667,1463.536,401.7633333333333
IsPETaseWT_pool_15972,848.1886666666666,724.1013333333334,-124.08733333333316
IsPETaseWT_pool_15266,1128.4556666666667,1756.3143333333335,627.8586666666667
IsPETaseWT_pool_18270,1114.1359999999997,1309.6993333333332,195.5633333333335
IsPETaseWT_pool_10305,1232.2426666666668,1256.7430000000002,24.5003333333334
IsPETaseWT_pool_27376,1234.647,1257.1193333333333,22.47233333333338
IsPETaseWT_pool_1744,982.5446666666667,990.0509999999999,7.506333333333259
IsPETaseWT_pool_19665,1202.5496666666666,1808.2136666666665,605.664
IsPETaseWT_pool_4117,923.9753333333333,827.5176666666666,-96.45766666666668
IsPETaseWT_pool_15624,942.9086666666667,826.0223333333333,-116.88633333333337
IsPETaseWT_pool_18941,995.0293333333333,1587.3410000000001,592.3116666666668
IsPETaseWT_pool_18099,1159.4823333333334,1140.661,-18.821333333333314
IsPETaseWT_pool_20010,905.1536666666667,1326.7066666666667,421.553
IsPETaseWT_pool_27574,1005.9226666666667,1595.5510000000002,589.6283333333334
IsPETaseWT_pool_9482,1207.2623333333333,1248.2016666666668,40.93933333333348
IsPETaseWT_pool_19074,1011.0096666666667,888.754,-122.25566666666668
IsPETaseWT_pool_24546,971.799,1575.1166666666668,603.3176666666668
IsPETaseWT_pool_5272,1253.0293333333332,1868.9746666666667,615.9453333333336
IsPETaseWT_pool_22488,1076.1086666666667,1080.4366666666667,4.3279999999999745
IsPETaseWT_pool_23432,1073.452,1094.8973333333333,21.445333333333338
IsPETaseWT_pool_5669,1066.8413333333335,1070.496,3.6546666666665715
IsPETaseWT_pool_4030,1174.682,1201.928,27.246000000000095
IsPETaseWT_pool_19519,980.0153333333333,1003.3313333333332,23.315999999999917
IsPETaseWT_pool_3025,879.776,1475.1813333333332,595.4053333333333
IsPETaseWT_pool_20402,1036.044,1134.1023333333333,98.05833333333317
IsPETaseWT_pool_19226,1314.848,1353.3176666666666,38.469666666666626
IsPETaseWT_pool_10567,1114.643,1141.3113333333333,26.668333333333294
IsPETaseWT_pool_1915,983.0336666666666,980.7860000000001,-2.2476666666665324
IsPETaseWT_pool_27796,1187.7986666666668,1282.3776666666665,94.57899999999972
IsPETaseWT_pool_11162,910.6273333333334,927.0483333333333,16.420999999999935
IsPETaseWT_pool_15622,1169.9759999999999,1798.5976666666666,628.6216666666667
IsPETaseWT_pool_26413,1013.0790000000001,937.8046666666665,-75.27433333333352
IsPETaseWT_pool_14676,1051.3233333333335,1073.365,22.041666666666515
IsPETaseWT_pool_12385,1115.4603333333332,1720.3256666666666,604.8653333333334
IsPETaseWT_pool_18317,1096.002,1535.646,439.644
IsPETaseWT_pool_19007,968.1460000000001,981.8256666666666,13.679666666666549
IsPETaseWT_pool_27701,1212.7873333333334,1246.393,33.60566666666659
IsPETaseWT_pool_9518,1088.5813333333333,1119.125,30.543666666666695
IsPETaseWT_pool_9663,1095.3686666666665,1087.7846666666667,-7.583999999999833
IsPETaseWT_pool_11703,927.1646666666667,929.003,1.8383333333333667
IsPETaseWT_pool_13699,1077.3333333333333,1113.4666666666665,36.13333333333321
IsPETaseWT_pool_10128,943.6840000000001,967.0636666666666,23.37966666666648
IsPETaseWT_pool_13240,1125.4046666666666,1162.8166666666666,37.412000000000035
IsPETaseWT_pool_1354,1004.7366666666667,1624.5893333333333,619.8526666666667
IsPETaseWT_pool_24807,1046.5746666666666,916.8233333333334,-129.75133333333326
IsPETaseWT_pool_13297,955.212,983.5243333333334,28.312333333333413
IsPETaseWT_pool_20819,1064.3543333333334,1091.5676666666666,27.21333333333314
IsPETaseWT_pool_9538,998.6116666666667,1002.094,3.482333333333372
IsPETaseWT_pool_10217,1022.2646666666666,1053.3973333333333,31.13266666666675
IsPETaseWT_pool_14047,1140.4089999999999,1784.729,644.3200000000002
IsPETaseWT_pool_16577,1344.4959999999999,1365.1499999999999,20.653999999999996
IsPETaseWT_pool_19365,1203.11,1798.1766666666665,595.0666666666666
IsPETaseWT_pool_14962,1270.267,1301.9446666666665,31.677666666666482
IsPETaseWT_pool_13807,1009.111,1036.0733333333335,26.962333333333504
IsPETaseWT_pool_15556,1306.6646666666666,1392.55,85.88533333333339
IsPETaseWT_pool_12678,1204.1806666666669,1635.5223333333333,431.34166666666647
IsPETaseWT_pool_12335,862.178,852.09,-10.087999999999965
IsPETaseWT_pool_13330,908.0353333333333,791.0583333333334,-116.97699999999986
IsPETaseWT_pool_21193,1002.0756666666666,1010.3739999999999,8.29833333333329
IsPETaseWT_pool_463,1040.1903333333332,1158.6023333333333,118.41200000000003
IsPETaseWT_pool_18241,1071.5649999999998,1111.0326666666667,39.4676666666669
IsPETaseWT_pool_15728,959.6756666666666,1545.6796666666667,586.004
IsPETaseWT_pool_8065,875.219,856.2296666666666,-18.989333333333434
IsPETaseWT_pool_20502,981.323,1575.5573333333334,594.2343333333334
IsPETaseWT_pool_20831,1151.337,1779.8949999999998,628.5579999999998
IsPETaseWT_pool_2857,1003.7383333333333,1625.1719999999998,621.4336666666665
IsPETaseWT_pool_12541,1300.0763333333334,1336.3016666666665,36.22533333333308
IsPETaseWT_pool_17141,1193.5216666666665,1838.418,644.8963333333334
IsPETaseWT_pool_4442,988.542,1003.198,14.655999999999949
IsPETaseWT_pool_13831,1011.516,1040.765,29.249000000000137
IsPETaseWT_pool_6595,1004.841,1078.3326666666665,73.49166666666645
IsPETaseWT_pool_11246,1059.036,1136.8363333333334,77.80033333333336
IsPETaseWT_pool_14579,831.9473333333334,904.5683333333333,72.62099999999987
IsPETaseWT_pool_8747,1163.7013333333334,1178.7453333333333,15.043999999999869
IsPETaseWT_pool_9330,1221.144,1790.1970000000001,569.0530000000001
IsPETaseWT_pool_10148,854.3243333333334,1130.9723333333334,276.648
IsPETaseWT_pool_542,1233.0986666666665,1898.997,665.8983333333335
IsPETaseWT_pool_3028,1122.1666666666667,1120.5956666666668,-1.5709999999999127
IsPETaseWT_pool_22720,1005.9223333333333,1570.0323333333333,564.11
IsPETaseWT_pool_10058,1008.3913333333334,1065.6913333333334,57.30000000000007
IsPETaseWT_pool_24916,1057.009,1091.6670000000001,34.65800000000013
IsPETaseWT_pool_22355,1117.8126666666667,1115.9786666666666,-1.83400000000006
IsPETaseWT_pool_24781,823.375,770.2206666666667,-53.154333333333284
IsPETaseWT_pool_21956,1095.2920000000001,1094.5873333333334,-0.7046666666667534
IsPETaseWT_pool_22043,1154.0573333333334,1173.299,19.24166666666656
IsPETaseWT_pool_19266,1177.0923333333333,1203.443,26.35066666666671
IsPETaseWT_pool_21768,1113.096,1193.7423333333334,80.64633333333336
IsPETaseWT_pool_19718,1185.4866666666667,1816.2726666666667,630.7860000000001
IsPETaseWT_pool_20579,1180.0183333333334,1224.5943333333335,44.57600000000002
IsPETaseWT_pool_12206,1089.7576666666666,1134.3616666666667,44.60400000000004
IsPETaseWT_pool_22067,1176.688,1211.0416666666667,34.35366666666664
IsPETaseWT_pool_23764,919.884,938.9116666666667,19.027666666666732
IsPETaseWT_pool_25590,1047.794,1054.3993333333335,6.605333333333419
IsPETaseWT_pool_10529,1034.221,904.6553333333333,-129.56566666666674
IsPETaseWT_pool_27688,1071.3616666666667,1085.0336666666665,13.671999999999798
IsPETaseWT_pool_23867,987.288,896.7883333333333,-90.49966666666671
IsPETaseWT_pool_13898,946.551,1554.1543333333332,607.6033333333331
IsPETaseWT_pool_19191,942.756,941.1716666666666,-1.5843333333333476
IsPETaseWT_pool_16584,1016.0570000000001,1627.464,611.4069999999998
IsPETaseWT_pool_12347,1128.4563333333333,1128.6463333333334,0.19000000000005457
IsPETaseWT_pool_8267,842.3090000000001,1319.613,477.304
IsPETaseWT_pool_11225,902.3376666666667,770.9466666666667,-131.39099999999996
IsPETaseWT_pool_25683,844.1883333333334,1305.8923333333332,461.70399999999984
IsPETaseWT_pool_14987,1172.678,1166.948,-5.730000000000018
IsPETaseWT_pool_21860,1063.6043333333334,957.8536666666668,-105.75066666666669
IsPETaseWT_pool_7880,1020.79,1025.9996666666666,5.209666666666635
IsPETaseWT_pool_3887,983.901,1063.154,79.25300000000004
IsPETaseWT_pool_25404,1099.9526666666668,1135.3626666666667,35.409999999999854
IsPETaseWT_pool_25526,982.128,848.1619999999999,-133.96600000000012
IsPETaseWT_pool_3277,1277.367,1290.9170000000001,13.550000000000182
IsPETaseWT_pool_7602,1017.1486666666666,1085.7920000000001,68.64333333333354
IsPETaseWT_pool_22660,898.157,787.9013333333332,-110.2556666666668
IsPETaseWT_pool_9064,887.7533333333334,904.2853333333333,16.53199999999981
IsPETaseWT_pool_25268,936.8713333333334,1213.3376666666666,276.4663333333332
IsPETaseWT_pool_17203,918.5836666666668,909.0236666666666,-9.560000000000173
IsPETaseWT_pool_15467,1170.6033333333332,1189.1886666666667,18.585333333333438
IsPETaseWT_pool_9079,1093.3476666666666,1717.8093333333334,624.4616666666668
IsPETaseWT_pool_11367,961.3786666666666,984.073,22.69433333333336
IsPETaseWT_pool_25685,951.832,1020.581,68.74900000000002
IsPETaseWT_pool_8895,1329.0956666666666,1403.764,74.6683333333333
IsPETaseWT_pool_25949,1003.7096666666666,1122.5316666666665,118.82199999999989
IsPETaseWT_pool_596,1171.4456666666667,1764.184,592.7383333333332
IsPETaseWT_pool_25774,885.7833333333333,899.3746666666666,13.591333333333296
IsPETaseWT_pool_19911,966.7983333333333,947.8893333333334,-18.908999999999878
IsPETaseWT_pool_5704,982.0463333333333,1595.9830000000002,613.9366666666668
IsPETaseWT_pool_22303,939.8843333333334,1550.8896666666667,611.0053333333333
IsPETaseWT_pool_20908,862.3436666666666,774.0590000000001,-88.28466666666657
IsPETaseWT_pool_24853,1356.329,1978.6086666666667,622.2796666666668
IsPETaseWT_pool_8607,1226.933,1342.1526666666666,115.21966666666663
IsPETaseWT_pool_10927,911.319,957.2280000000001,45.909000000000106
IsPETaseWT_pool_1034,1148.4043333333332,1166.4696666666666,18.065333333333456
IsPETaseWT_pool_27804,1310.028,1363.3196666666665,53.291666666666515
IsPETaseWT_pool_18034,890.8656666666666,970.3166666666666,79.45100000000002
IsPETaseWT_pool_12532,1004.6476666666667,1061.7626666666667,57.11500000000001
IsPETaseWT_pool_1608,970.301,1585.6673333333335,615.3663333333335
IsPETaseWT_pool_19890,985.6416666666668,1050.463,64.8213333333332
IsPETaseWT_pool_19658,1104.6773333333333,1098.7073333333335,-5.9699999999998
IsPETaseWT_pool_21222,1221.1719999999998,1799.2160000000001,578.0440000000003
IsPETaseWT_pool_4640,939.7553333333334,945.5053333333334,5.75
IsPETaseWT_pool_16834,1087.5563333333332,1687.2413333333334,599.6850000000002
IsPETaseWT_pool_17981,998.0703333333332,1042.6733333333334,44.60300000000018
IsPETaseWT_pool_11662,894.5806666666667,914.4563333333334,19.87566666666669
IsPETaseWT_pool_12219,948.674,958.458,9.783999999999992
IsPETaseWT_pool_3015,1032.97,1045.637,12.666999999999916
IsPETaseWT_pool_11002,834.5656666666667,763.0036666666666,-71.56200000000013
IsPETaseWT_pool_19765,920.4320000000001,924.4193333333334,3.987333333333254
IsPETaseWT_pool_421,999.4883333333333,1589.2163333333335,589.7280000000002
IsPETaseWT_pool_25426,1014.5736666666667,1602.0559999999998,587.4823333333331
IsPETaseWT_pool_7267,1246.6913333333332,1860.5339999999999,613.8426666666667
IsPETaseWT_pool_24888,1185.5726666666667,1266.3763333333334,80.80366666666669
IsPETaseWT_pool_25367,1102.9193333333333,1114.7123333333332,11.792999999999893
IsPETaseWT_pool_11027,884.19,889.0026666666666,4.812666666666587
IsPETaseWT_pool_27485,1093.701,1097.3463333333332,3.6453333333331557
IsPETaseWT_pool_21095,1138.049,1153.843,15.794000000000096
IsPETaseWT_pool_19768,971.8940000000001,1040.4043333333334,68.51033333333328
IsPETaseWT_pool_5607,1151.7306666666666,1189.6826666666666,37.952
IsPETaseWT_pool_21717,916.0079999999999,898.8816666666667,-17.126333333333264
IsPETaseWT_pool_20068,971.4409999999999,1543.6806666666664,572.2396666666665
IsPETaseWT_pool_20293,1188.1353333333334,1229.3503333333333,41.21499999999992
IsPETaseWT_pool_27488,1043.9126666666668,1670.6246666666666,626.7119999999998
IsPETaseWT_pool_16849,1228.5243333333333,1837.455,608.9306666666666
IsPETaseWT_pool_4377,932.1103333333334,999.9973333333334,67.88699999999994
IsPETaseWT_pool_25302,972.9623333333333,944.552,-28.410333333333256
IsPETaseWT_pool_14093,1273.9896666666666,1308.1973333333333,34.20766666666668
IsPETaseWT_pool_27336,1012.1080000000001,1635.182,623.074
IsPETaseWT_pool_591,1063.2113333333334,1097.2293333333334,34.01800000000003
IsPETaseWT_pool_24259,1267.4533333333334,1850.3113333333333,582.858
IsPETaseWT_pool_16106,1230.3493333333333,1646.8243333333332,416.4749999999999
IsPETaseWT_pool_20188,1031.6453333333332,1644.1229999999998,612.4776666666667
IsPETaseWT_pool_441,993.43,1174.742,181.312
IsPETaseWT_pool_26942,1089.8103333333336,1145.227,55.416666666666515
IsPETaseWT_pool_24987,865.4293333333334,820.6883333333334,-44.740999999999985
IsPETaseWT_pool_11593,994.9826666666667,1077.9083333333333,82.92566666666664
IsPETaseWT_pool_3610,1024.712,1165.3393333333333,140.62733333333335
IsPETaseWT_pool_22096,836.4543333333335,735.3256666666666,-101.12866666666685
IsPETaseWT_pool_27327,853.772,748.0360000000001,-105.73599999999999
IsPETaseWT_pool_22935,1202.643,1242.9853333333333,40.34233333333327
IsPETaseWT_pool_22242,1248.4660000000001,1321.2730000000001,72.80700000000002
IsPETaseWT_pool_24681,1246.354,1251.2366666666667,4.882666666666637
IsPETaseWT_pool_16388,861.6693333333333,875.631,13.961666666666702
IsPETaseWT_pool_4604,1045.2186666666666,1038.022,-7.196666666666715
IsPETaseWT_pool_23236,933.4333333333334,789.5203333333334,-143.913
IsPETaseWT_pool_16177,857.4296666666665,752.033,-105.39666666666653
IsPETaseWT_pool_16812,1226.7273333333333,1306.5643333333333,79.83699999999999
IsPETaseWT_pool_26485,1098.883,1097.3376666666666,-1.545333333333474
IsPETaseWT_pool_841,909.9163333333332,809.7620000000001,-100.15433333333317
IsPETaseWT_pool_4837,983.0770000000001,1584.7866666666666,601.7096666666665
IsPETaseWT_pool_3301,1039.75,1043.5629999999999,3.8129999999998745
IsPETaseWT_pool_18103,1099.3746666666666,1077.8093333333334,-21.56533333333323
IsPETaseWT_pool_17428,930.3073333333333,1017.9786666666665,87.67133333333322
IsPETaseWT_pool_6742,977.6750000000001,869.7543333333333,-107.92066666666676
IsPETaseWT_pool_15660,1113.2086666666667,1138.4936666666665,25.284999999999854
IsPETaseWT_pool_12162,889.1066666666667,887.709,-1.397666666666737
IsPETaseWT_pool_8413,964.3783333333334,1024.535,60.15666666666664
IsPETaseWT_pool_13326,917.9846666666667,919.12,1.1353333333332785
IsPETaseWT_pool_25627,939.8653333333333,955.3596666666666,15.494333333333316
IsPETaseWT_pool_8820,1080.694,1116.093,35.399000000000115
IsPETaseWT_pool_17080,992.0443333333333,1039.5933333333332,47.54899999999998
IsPETaseWT_pool_20850,973.4703333333333,1060.684,87.21366666666665
IsPETaseWT_pool_21896,985.1053333333333,1359.355,374.2496666666667
IsPETaseWT_pool_8347,1010.2463333333334,1611.289,601.0426666666666
IsPETaseWT_pool_15883,1116.5403333333334,1709.5966666666666,593.0563333333332
IsPETaseWT_pool_17820,828.4720000000001,727.5636666666666,-100.90833333333353
IsPETaseWT_pool_15938,953.9496666666668,1563.6033333333332,609.6536666666665
IsPETaseWT_pool_13830,1152.7006666666666,1191.1493333333335,38.448666666666895
IsPETaseWT_pool_15849,1071.3463333333334,1105.0406666666668,33.69433333333336
IsPETaseWT_pool_18273,1004.8343333333332,1441.3623333333333,436.528
IsPETaseWT_pool_5009,1042.3046666666667,911.969,-130.3356666666666
IsPETaseWT_pool_12914,993.496,1020.6436666666667,27.147666666666737
IsPETaseWT_pool_24370,958.61,987.2753333333334,28.665333333333365
IsPETaseWT_pool_9847,998.9346666666667,1602.836,603.9013333333334
IsPETaseWT_pool_25974,981.448,1064.8310000000001,83.38300000000015
IsPETaseWT_pool_3372,995.407,1565.4773333333335,570.0703333333335
IsPETaseWT_pool_8761,1198.1383333333333,1203.6296666666667,5.491333333333387
IsPETaseWT_pool_26749,1038.763,1677.143,638.3800000000001
IsPETaseWT_pool_22322,996.0,1023.2486666666667,27.248666666666736
IsPETaseWT_pool_21821,1142.9006666666667,1719.2259999999999,576.3253333333332
IsPETaseWT_pool_27351,1052.3813333333335,1551.1746666666666,498.79333333333307
IsPETaseWT_pool_21933,852.189,734.672,-117.51699999999994
IsPETaseWT_pool_21972,1341.3926666666666,1376.348,34.95533333333333
IsPETaseWT_pool_11995,1110.7273333333333,1126.4756666666665,15.748333333333221
IsPETaseWT_pool_9581,951.6006666666667,840.6053333333333,-110.9953333333334
IsPETaseWT_pool_22105,949.4143333333333,1556.6256666666668,607.2113333333335
IsPETaseWT_pool_23754,1131.46,1172.3226666666667,40.862666666666655
IsPETaseWT_pool_7689,958.3159999999999,1378.802,420.486
IsPETaseWT_pool_27835,1138.5043333333333,1137.925,-0.5793333333333521
IsPETaseWT_pool_8185,1115.7423333333334,1737.7553333333333,622.0129999999999
IsPETaseWT_pool_9853,1004.326,1134.875,130.54899999999998
IsPETaseWT_pool_13839,1065.4656666666667,1686.4506666666666,620.9849999999999
IsPETaseWT_pool_21587,1328.823,1383.1013333333333,54.278333333333194
IsPETaseWT_pool_22433,1134.729,1171.264,36.534999999999854
IsPETaseWT_pool_16912,1134.8056666666666,1161.0556666666669,26.250000000000227
IsPETaseWT_pool_26613,1229.6409999999998,1242.1393333333333,12.498333333333449
IsPETaseWT_pool_25559,848.1753333333332,871.4713333333333,23.29600000000005
IsPETaseWT_pool_24717,1009.7933333333334,1031.9223333333332,22.12899999999979
IsPETaseWT_pool_10013,1128.4803333333332,1761.9636666666665,633.4833333333333
IsPETaseWT_pool_6241,978.5316666666668,1091.758,113.22633333333329
IsPETaseWT_pool_8438,831.3766666666667,693.3603333333334,-138.01633333333325
IsPETaseWT_pool_17410,963.8866666666667,976.9673333333334,13.08066666666673
IsPETaseWT_pool_4290,937.774,1588.3896666666667,650.6156666666667
IsPETaseWT_pool_23279,1057.199,1047.3526666666667,-9.846333333333405
IsPETaseWT_pool_26965,1002.6826666666667,1002.025,-0.6576666666667279
IsPETaseWT_pool_26308,983.303,980.2246666666666,-3.0783333333333758
IsPETaseWT_pool_26745,1100.089,1773.5183333333334,673.4293333333335
IsPETaseWT_pool_4754,1175.4523333333334,1247.7659999999998,72.31366666666645
IsPETaseWT_pool_12288,808.4506666666666,720.2483333333333,-88.20233333333329
IsPETaseWT_pool_8231,1110.7146666666665,1150.3973333333333,39.68266666666682
IsPETaseWT_pool_21298,982.239,1056.9813333333334,74.74233333333336
IsPETaseWT_pool_16722,987.303,1007.0660000000001,19.763000000000147
IsPETaseWT_pool_21730,980.292,831.5893333333333,-148.7026666666667
IsPETaseWT_pool_24813,973.0586666666667,947.5703333333335,-25.48833333333323
