id,prediction,length,mut_count,protected_mutations,disulfide_seq_ok,glyco_motif_new,duplicate_sequence,in_training_seq,plddt_mean,plddt_min,plddt_key_mean,plddt_key_min,triad_ser160_his237,triad_asp206_his237,triad_ser160_asp206,triad_struct_ok,disulfide_203_239_dist,disulfide_273_289_dist,disulfide_struct_ok,rmsd_ca,rmsd_key_ca,flags,pred_residual
IsPETaseWT_pool_215,,290,5,,True,False,False,False,,,,,,,,,,,,,,,2.7930598
IsPETaseWT_pool_294,,290,5,,True,False,False,False,,,,,,,,,,,,,,,2.8452935
IsPETaseWT_pool_354,,290,5,,True,False,False,False,,,,,,,,,,,,,,,2.629485
IsPETaseWT_pool_421,,290,4,,True,False,False,False,,,,,,,,,,,,,,,2.7892609
IsPETaseWT_pool_435,,290,3,,True,False,False,False,,,,,,,,,,,,,,,2.628319
IsPETaseWT_pool_441,,290,5,,True,False,False,False,,,,,,,,,,,,,,,2.8535345
IsPETaseWT_pool_463,,290,4,,True,False,False,False,,,,,,,,,,,,,,,2.593884
IsPETaseWT_pool_483,,290,4,,True,False,False,False,,,,,,,,,,,,,,,2.659061
IsPETaseWT_pool_531,,290,5,,True,False,False,False,,,,,,,,,,,,,,,2.6685026
IsPETaseWT_pool_542,,290,5,,True,False,False,False,,,,,,,,,,,,,,,2.9125836
IsPETaseWT_pool_589,,290,4,,True,False,False,False,,,,,,,,,,,,,,,2.5748653
IsPETaseWT_pool_591,,290,3,,True,False,False,False,,,,,,,,,,,,,,,2.7076118
IsPETaseWT_pool_596,,290,5,,True,False,False,False,,,,,,,,,,,,,,,2.7978356
IsPETaseWT_pool_697,,290,4,,True,False,False,False,,,,,,,,,,,,,,,2.592581
IsPETaseWT_pool_865,,290,5,,True,False,False,False,,,,,,,,,,,,,,,2.798311
IsPETaseWT_pool_1020,,290,5,,True,False,False,False,,,,,,,,,,,,,,,2.6161928
IsPETaseWT_pool_1034,,290,5,,True,False,False,False,,,,,,,,,,,,,,,2.6106472
IsPETaseWT_pool_1229,,290,4,,True,False,False,False,,,,,,,,,,,,,,,2.6075315
IsPETaseWT_pool_1299,,290,4,,True,False,False,False,,,,,,,,,,,,,,,2.6261575
IsPETaseWT_pool_1354,,290,4,,True,False,False,False,,,,,,,,,,,,,,,2.85008
IsPETaseWT_pool_1476,,290,3,,True,False,False,False,,,,,,,,,,,,,,,2.8009927
IsPETaseWT_pool_1529,,290,4,,True,False,False,False,,,,,,,,,,,,,,,2.7076118
IsPETaseWT_pool_1556,,290,5,,True,False,False,False,,,,,,,,,,,,,,,2.7794735
IsPETaseWT_pool_1563,,290,4,,True,False,False,False,,,,,,,,,,,,,,,2.7695374
IsPETaseWT_pool_1578,,290,5,,True,False,False,False,,,,,,,,,,,,,,,2.773336
IsPETaseWT_pool_1744,,290,4,,True,False,False,False,,,,,,,,,,,,,,,2.751586
IsPETaseWT_pool_1838,,290,4,,True,False,False,False,,,,,,,,,,,,,,,2.6657438
IsPETaseWT_pool_1891,,290,5,,True,False,False,False,,,,,,,,,,,,,,,2.5875654
IsPETaseWT_pool_1904,,290,4,,True,False,False,False,,,,,,,,,,,,,,,2.573766
IsPETaseWT_pool_1915,,290,5,,True,False,False,False,,,,,,,,,,,,,,,2.6676762
IsPETaseWT_pool_1973,,290,4,,True,False,False,False,,,,,,,,,,,,,,,2.6171074
IsPETaseWT_pool_2027,,290,4,,True,False,False,False,,,,,,,,,,,,,,,2.8644378
IsPETaseWT_pool_2137,,290,5,,True,False,False,False,,,,,,,,,,,,,,,2.7395601
IsPETaseWT_pool_2178,,290,5,,True,False,False,False,,,,,,,,,,,,,,,2.5773764
IsPETaseWT_pool_2182,,290,4,,True,False,False,False,,,,,,,,,,,,,,,2.7341826
IsPETaseWT_pool_2210,,290,5,,True,False,False,False,,,,,,,,,,,,,,,2.7704234
IsPETaseWT_pool_2321,,290,4,,True,False,False,False,,,,,,,,,,,,,,,2.8934264
IsPETaseWT_pool_2366,,290,4,,True,False,False,False,,,,,,,,,,,,,,,2.85262
IsPETaseWT_pool_2378,,290,3,,True,False,False,False,,,,,,,,,,,,,,,2.5686457
IsPETaseWT_pool_2718,,290,5,,True,False,False,False,,,,,,,,,,,,,,,2.6493013
IsPETaseWT_pool_2857,,290,5,,True,False,False,False,,,,,,,,,,,,,,,2.85008
IsPETaseWT_pool_2990,,290,5,,True,False,False,False,,,,,,,,,,,,,,,2.6266503
IsPETaseWT_pool_3015,,290,5,,True,False,False,False,,,,,,,,,,,,,,,2.5748653
IsPETaseWT_pool_3288,,290,3,,True,False,False,False,,,,,,,,,,,,,,,2.751586
IsPETaseWT_pool_3372,,290,5,,True,False,False,False,,,,,,,,,,,,,,,2.677012
IsPETaseWT_pool_3411,,290,5,,True,False,False,False,,,,,,,,,,,,,,,2.6451082
IsPETaseWT_pool_3452,,290,4,,True,False,False,False,,,,,,,,,,,,,,,2.652584
IsPETaseWT_pool_3454,,290,5,,True,False,False,False,,,,,,,,,,,,,,,2.8142254
IsPETaseWT_pool_3480,,290,5,,True,False,False,False,,,,,,,,,,,,,,,2.5695126
IsPETaseWT_pool_3610,,290,5,,True,False,False,False,,,,,,,,,,,,,,,2.752676
IsPETaseWT_pool_3671,,290,5,,True,False,False,False,,,,,,,,,,,,,,,2.6445858
IsPETaseWT_pool_3684,,290,5,,True,False,False,False,,,,,,,,,,,,,,,2.7794735
IsPETaseWT_pool_3703,,290,5,,True,False,False,False,,,,,,,,,,,,,,,2.6430027
IsPETaseWT_pool_3871,,290,5,,True,False,False,False,,,,,,,,,,,,,,,2.6685026
IsPETaseWT_pool_3887,,290,4,,True,False,False,False,,,,,,,,,,,,,,,2.8311293
IsPETaseWT_pool_4008,,290,5,,True,False,False,False,,,,,,,,,,,,,,,2.6451082
IsPETaseWT_pool_4030,,290,4,,True,False,False,False,,,,,,,,,,,,,,,2.7076118
IsPETaseWT_pool_4041,,290,4,,True,False,False,False,,,,,,,,,,,,,,,2.8640323
IsPETaseWT_pool_4240,,290,5,,True,False,False,False,,,,,,,,,,,,,,,2.7664528
IsPETaseWT_pool_4350,,290,3,,True,False,False,False,,,,,,,,,,,,,,,2.7959828
IsPETaseWT_pool_4377,,290,4,,True,False,False,False,,,,,,,,,,,,,,,2.776992
IsPETaseWT_pool_4388,,290,5,,True,False,False,False,,,,,,,,,,,,,,,2.8591301
IsPETaseWT_pool_4442,,290,5,,True,False,False,False,,,,,,,,,,,,,,,2.8965008
IsPETaseWT_pool_4567,,290,4,,True,False,False,False,,,,,,,,,,,,,,,2.7988558
IsPETaseWT_pool_4584,,290,5,,True,False,False,False,,,,,,,,,,,,,,,2.6020904
IsPETaseWT_pool_4628,,290,5,,True,False,False,False,,,,,,,,,,,,,,,2.866669
IsPETaseWT_pool_4640,,290,5,,True,False,False,False,,,,,,,,,,,,,,,2.8162625
IsPETaseWT_pool_4662,,290,4,,True,False,False,False,,,,,,,,,,,,,,,2.5752149
IsPETaseWT_pool_4923,,290,5,,True,False,False,False,,,,,,,,,,,,,,,2.9108565
IsPETaseWT_pool_5089,,290,5,,True,False,False,False,,,,,,,,,,,,,,,2.6657238
IsPETaseWT_pool_5218,,290,4,,True,False,False,False,,,,,,,,,,,,,,,2.853308
IsPETaseWT_pool_5405,,290,4,,True,False,False,False,,,,,,,,,,,,,,,2.7801867
IsPETaseWT_pool_5460,,290,4,,True,False,False,False,,,,,,,,,,,,,,,2.6118858
IsPETaseWT_pool_5486,,290,4,,True,False,False,False,,,,,,,,,,,,,,,2.9125836
IsPETaseWT_pool_5500,,290,4,,True,False,False,False,,,,,,,,,,,,,,,2.747571
IsPETaseWT_pool_5527,,290,5,,True,False,False,False,,,,,,,,,,,,,,,2.661042
IsPETaseWT_pool_5551,,290,5,,True,False,False,False,,,,,,,,,,,,,,,2.5725374
IsPETaseWT_pool_5607,,290,5,,True,False,False,False,,,,,,,,,,,,,,,2.9125836
IsPETaseWT_pool_5669,,290,5,,True,False,False,False,,,,,,,,,,,,,,,2.7145538
IsPETaseWT_pool_5687,,290,5,,True,False,False,False,,,,,,,,,,,,,,,2.6498945
IsPETaseWT_pool_5994,,290,5,,True,False,False,False,,,,,,,,,,,,,,,2.5803185
IsPETaseWT_pool_6136,,290,5,,True,False,False,False,,,,,,,,,,,,,,,2.6176586
IsPETaseWT_pool_6223,,290,4,,True,False,False,False,,,,,,,,,,,,,,,2.7395601
IsPETaseWT_pool_6256,,290,4,,True,False,False,False,,,,,,,,,,,,,,,2.6779265
IsPETaseWT_pool_6292,,290,4,,True,False,False,False,,,,,,,,,,,,,,,2.6143868
IsPETaseWT_pool_6360,,290,4,,True,False,False,False,,,,,,,,,,,,,,,2.5725374
IsPETaseWT_pool_6412,,290,5,,True,False,False,False,,,,,,,,,,,,,,,2.8064542
IsPETaseWT_pool_6445,,290,5,,True,False,False,False,,,,,,,,,,,,,,,2.6779265
IsPETaseWT_pool_6645,,290,5,,True,False,False,False,,,,,,,,,,,,,,,2.8215535
IsPETaseWT_pool_6667,,290,5,,True,False,False,False,,,,,,,,,,,,,,,2.6668587
IsPETaseWT_pool_6697,,290,5,,True,False,False,False,,,,,,,,,,,,,,,2.7801867
IsPETaseWT_pool_6853,,290,5,,True,False,False,False,,,,,,,,,,,,,,,2.8110113
IsPETaseWT_pool_6876,,290,5,,True,False,False,False,,,,,,,,,,,,,,,2.5949316
IsPETaseWT_pool_6953,,290,5,,True,False,False,False,,,,,,,,,,,,,,,2.9538462
IsPETaseWT_pool_7035,,290,5,,True,False,False,False,,,,,,,,,,,,,,,2.6303854
IsPETaseWT_pool_7064,,290,5,,True,False,False,False,,,,,,,,,,,,,,,2.8644378
IsPETaseWT_pool_7267,,290,5,,True,False,False,False,,,,,,,,,,,,,,,2.7366362
IsPETaseWT_pool_7329,,290,5,,True,False,False,False,,,,,,,,,,,,,,,2.9064062
IsPETaseWT_pool_7373,,290,4,,True,False,False,False,,,,,,,,,,,,,,,2.6451082
IsPETaseWT_pool_7432,,290,5,,True,False,False,False,,,,,,,,,,,,,,,2.8220792
IsPETaseWT_pool_7521,,290,5,,True,False,False,False,,,,,,,,,,,,,,,2.8591301
IsPETaseWT_pool_7602,,290,3,,True,False,False,False,,,,,,,,,,,,,,,2.8249092
IsPETaseWT_pool_7659,,290,5,,True,False,False,False,,,,,,,,,,,,,,,2.9197578
IsPETaseWT_pool_7674,,290,5,,True,False,False,False,,,,,,,,,,,,,,,2.6967359
IsPETaseWT_pool_7682,,290,5,,True,False,False,False,,,,,,,,,,,,,,,2.8828983
IsPETaseWT_pool_7719,,290,4,,True,False,False,False,,,,,,,,,,,,,,,2.5883832
IsPETaseWT_pool_7875,,290,5,,True,False,False,False,,,,,,,,,,,,,,,2.8162625
IsPETaseWT_pool_7972,,290,5,,True,False,False,False,,,,,,,,,,,,,,,2.8051264
IsPETaseWT_pool_7973,,290,5,,True,False,False,False,,,,,,,,,,,,,,,2.8311293
IsPETaseWT_pool_8092,,290,5,,True,False,False,False,,,,,,,,,,,,,,,2.9197578
IsPETaseWT_pool_8094,,290,5,,True,False,False,False,,,,,,,,,,,,,,,2.5917678
IsPETaseWT_pool_8152,,290,5,,True,False,False,False,,,,,,,,,,,,,,,2.8680315
IsPETaseWT_pool_8185,,290,5,,True,False,False,False,,,,,,,,,,,,,,,2.8312426
IsPETaseWT_pool_8231,,290,5,,True,False,False,False,,,,,,,,,,,,,,,2.6262708
IsPETaseWT_pool_8347,,290,4,,True,False,False,False,,,,,,,,,,,,,,,2.751586
IsPETaseWT_pool_8376,,290,5,,True,False,False,False,,,,,,,,,,,,,,,2.5885515
IsPETaseWT_pool_8413,,290,5,,True,False,False,False,,,,,,,,,,,,,,,2.873997
IsPETaseWT_pool_8439,,290,5,,True,False,False,False,,,,,,,,,,,,,,,2.6489072
IsPETaseWT_pool_8569,,290,4,,True,False,False,False,,,,,,,,,,,,,,,2.7830412
IsPETaseWT_pool_8607,,290,5,,True,False,False,False,,,,,,,,,,,,,,,2.743871
IsPETaseWT_pool_8613,,290,5,,True,False,False,False,,,,,,,,,,,,,,,2.8681302
IsPETaseWT_pool_8747,,290,5,,True,False,False,False,,,,,,,,,,,,,,,2.8767488
IsPETaseWT_pool_8761,,290,5,,True,False,False,False,,,,,,,,,,,,,,,2.667973
IsPETaseWT_pool_8878,,290,5,,True,False,False,False,,,,,,,,,,,,,,,2.6176586
IsPETaseWT_pool_8888,,290,4,,True,False,False,False,,,,,,,,,,,,,,,2.669318
IsPETaseWT_pool_8895,,290,5,,True,False,False,False,,,,,,,,,,,,,,,2.8640323
IsPETaseWT_pool_9041,,290,5,,True,False,False,False,,,,,,,,,,,,,,,2.6595511
IsPETaseWT_pool_9079,,290,5,,True,False,False,False,,,,,,,,,,,,,,,2.8215535
IsPETaseWT_pool_9279,,290,5,,True,False,False,False,,,,,,,,,,,,,,,2.7830412
IsPETaseWT_pool_9312,,290,5,,True,False,False,False,,,,,,,,,,,,,,,2.8828983
IsPETaseWT_pool_9330,,290,5,,True,False,False,False,,,,,,,,,,,,,,,2.933764
IsPETaseWT_pool_9401,,290,4,,True,False,False,False,,,,,,,,,,,,,,,2.8477178
IsPETaseWT_pool_9420,,290,5,,True,False,False,False,,,,,,,,,,,,,,,2.8681302
IsPETaseWT_pool_9426,,290,5,,True,False,False,False,,,,,,,,,,,,,,,2.8946424
IsPETaseWT_pool_9482,,290,5,,True,False,False,False,,,,,,,,,,,,,,,2.5748653
IsPETaseWT_pool_9502,,290,5,,True,False,False,False,,,,,,,,,,,,,,,2.80211
IsPETaseWT_pool_9518,,290,5,,True,False,False,False,,,,,,,,,,,,,,,2.6262708
IsPETaseWT_pool_9604,,290,4,,True,False,False,False,,,,,,,,,,,,,,,2.6088316
IsPETaseWT_pool_9623,,290,5,,True,False,False,False,,,,,,,,,,,,,,,2.9017076
IsPETaseWT_pool_9663,,290,5,,True,False,False,False,,,,,,,,,,,,,,,2.659061
IsPETaseWT_pool_9788,,290,5,,True,False,False,False,,,,,,,,,,,,,,,2.7892609
IsPETaseWT_pool_9847,,290,5,,True,False,False,False,,,,,,,,,,,,,,,2.7009907
IsPETaseWT_pool_9853,,290,5,,True,False,False,False,,,,,,,,,,,,,,,2.8535345
IsPETaseWT_pool_9912,,290,5,,True,False,False,False,,,,,,,,,,,,,,,2.6106472
IsPETaseWT_pool_10013,,290,5,,True,False,False,False,,,,,,,,,,,,,,,2.802316
IsPETaseWT_pool_10050,,290,5,,True,False,False,False,,,,,,,,,,,,,,,2.5752149
IsPETaseWT_pool_10058,,290,4,,True,False,False,False,,,,,,,,,,,,,,,2.8072124
IsPETaseWT_pool_10111,,290,5,,True,False,False,False,,,,,,,,,,,,,,,2.5748653
IsPETaseWT_pool_10113,,290,5,,True,False,False,False,,,,,,,,,,,,,,,2.751586
IsPETaseWT_pool_10128,,290,5,,True,False,False,False,,,,,,,,,,,,,,,2.5802746
IsPETaseWT_pool_10135,,290,5,,True,False,False,False,,,,,,,,,,,,,,,2.9035335
IsPETaseWT_pool_10199,,290,5,,True,False,False,False,,,,,,,,,,,,,,,2.7885027
IsPETaseWT_pool_10217,,290,5,,True,False,False,False,,,,,,,,,,,,,,,2.7801867
IsPETaseWT_pool_10239,,290,5,,True,False,False,False,,,,,,,,,,,,,,,2.705861
IsPETaseWT_pool_10257,,290,4,,True,False,False,False,,,,,,,,,,,,,,,2.6076834
IsPETaseWT_pool_10268,,290,5,,True,False,False,False,,,,,,,,,,,,,,,2.7695374
IsPETaseWT_pool_10273,,290,5,,True,False,False,False,,,,,,,,,,,,,,,2.8319328
IsPETaseWT_pool_10305,,290,5,,True,False,False,False,,,,,,,,,,,,,,,2.584289
IsPETaseWT_pool_10314,,290,4,,True,False,False,False,,,,,,,,,,,,,,,2.6949747
IsPETaseWT_pool_10353,,290,4,,True,False,False,False,,,,,,,,,,,,,,,2.5686457
IsPETaseWT_pool_10458,,290,5,,True,False,False,False,,,,,,,,,,,,,,,2.8125033
IsPETaseWT_pool_10489,,290,5,,True,False,False,False,,,,,,,,,,,,,,,2.6570137
IsPETaseWT_pool_10534,,290,5,,True,False,False,False,,,,,,,,,,,,,,,2.6869767
IsPETaseWT_pool_10544,,290,5,,True,False,False,False,,,,,,,,,,,,,,,2.6076834
IsPETaseWT_pool_10595,,290,4,,True,False,False,False,,,,,,,,,,,,,,,2.5658312
IsPETaseWT_pool_10886,,290,5,,True,False,False,False,,,,,,,,,,,,,,,2.7145538
IsPETaseWT_pool_10927,,290,4,,True,False,False,False,,,,,,,,,,,,,,,2.751586
IsPETaseWT_pool_10928,,290,4,,True,False,False,False,,,,,,,,,,,,,,,2.7920914
IsPETaseWT_pool_11162,,290,4,,True,False,False,False,,,,,,,,,,,,,,,2.5695016
IsPETaseWT_pool_11218,,290,5,,True,False,False,False,,,,,,,,,,,,,,,2.85884
IsPETaseWT_pool_11246,,290,5,,True,False,False,False,,,,,,,,,,,,,,,2.5928168
IsPETaseWT_pool_11279,,290,5,,True,False,False,False,,,,,,,,,,,,,,,2.8033695
IsPETaseWT_pool_11291,,290,5,,True,False,False,False,,,,,,,,,,,,,,,2.8311293
IsPETaseWT_pool_11293,,290,5,,True,False,False,False,,,,,,,,,,,,,,,2.5773764
IsPETaseWT_pool_11367,,290,5,,True,False,False,False,,,,,,,,,,,,,,,2.7034504
IsPETaseWT_pool_11532,,290,4,,True,False,False,False,,,,,,,,,,,,,,,2.640992
IsPETaseWT_pool_11556,,290,5,,True,False,False,False,,,,,,,,,,,,,,,2.6842992
IsPETaseWT_pool_11557,,290,5,,True,False,False,False,,,,,,,,,,,,,,,2.7920914
IsPETaseWT_pool_11563,,290,5,,True,False,False,False,,,,,,,,,,,,,,,2.599156
IsPETaseWT_pool_11662,,290,5,,True,False,False,False,,,,,,,,,,,,,,,2.8678896
IsPETaseWT_pool_11896,,290,5,,True,False,False,False,,,,,,,,,,,,,,,2.7815418
IsPETaseWT_pool_11920,,290,5,,True,False,False,False,,,,,,,,,,,,,,,2.9017076
IsPETaseWT_pool_11983,,290,5,,True,False,False,False,,,,,,,,,,,,,,,2.7776496
IsPETaseWT_pool_12039,,290,4,,True,False,False,False,,,,,,,,,,,,,,,2.5773764
IsPETaseWT_pool_12162,,290,5,,True,False,False,False,,,,,,,,,,,,,,,2.6076834
IsPETaseWT_pool_12206,,290,5,,True,False,False,False,,,,,,,,,,,,,,,2.85008
IsPETaseWT_pool_12219,,290,4,,True,False,False,False,,,,,,,,,,,,,,,2.5928168
IsPETaseWT_pool_12273,,290,4,,True,False,False,False,,,,,,,,,,,,,,,2.7892609
IsPETaseWT_pool_12347,,290,4,,True,False,False,False,,,,,,,,,,,,,,,2.5980296
IsPETaseWT_pool_12385,,290,5,,True,False,False,False,,,,,,,,,,,,,,,2.7885027
IsPETaseWT_pool_12465,,290,4,,True,False,False,False,,,,,,,,,,,,,,,2.87603
IsPETaseWT_pool_12530,,290,4,,True,False,False,False,,,,,,,,,,,,,,,2.5986333
IsPETaseWT_pool_12532,,290,4,,True,False,False,False,,,,,,,,,,,,,,,2.6391387
IsPETaseWT_pool_12628,,290,5,,True,False,False,False,,,,,,,,,,,,,,,2.8072124
IsPETaseWT_pool_12654,,290,5,,True,False,False,False,,,,,,,,,,,,,,,2.5801728
IsPETaseWT_pool_12678,,290,5,,True,False,False,False,,,,,,,,,,,,,,,2.5780032
IsPETaseWT_pool_12686,,290,4,,True,False,False,False,,,,,,,,,,,,,,,2.8186936
IsPETaseWT_pool_12914,,290,5,,True,False,False,False,,,,,,,,,,,,,,,2.8681302
IsPETaseWT_pool_12963,,290,5,,True,False,False,False,,,,,,,,,,,,,,,2.8161895
IsPETaseWT_pool_13066,,290,5,,True,False,False,False,,,,,,,,,,,,,,,2.7478623
IsPETaseWT_pool_13128,,290,5,,True,False,False,False,,,,,,,,,,,,,,,2.85008
IsPETaseWT_pool_13154,,290,5,,True,False,False,False,,,,,,,,,,,,,,,2.8898437
IsPETaseWT_pool_13188,,290,5,,True,False,False,False,,,,,,,,,,,,,,,2.6009912
IsPETaseWT_pool_13240,,290,5,,True,False,False,False,,,,,,,,,,,,,,,2.7892609
IsPETaseWT_pool_13248,,290,4,,True,False,False,False,,,,,,,,,,,,,,,2.751586
IsPETaseWT_pool_13262,,290,5,,True,False,False,False,,,,,,,,,,,,,,,2.5986333
IsPETaseWT_pool_13300,,290,5,,True,False,False,False,,,,,,,,,,,,,,,2.7830412
IsPETaseWT_pool_13326,,290,5,,True,False,False,False,,,,,,,,,,,,,,,2.5949745
IsPETaseWT_pool_13385,,290,4,,True,False,False,False,,,,,,,,,,,,,,,2.874951
IsPETaseWT_pool_13455,,290,5,,True,False,False,False,,,,,,,,,,,,,,,2.5893686
IsPETaseWT_pool_13460,,290,4,,True,False,False,False,,,,,,,,,,,,,,,2.6176586
IsPETaseWT_pool_13531,,290,5,,True,False,False,False,,,,,,,,,,,,,,,2.584289
IsPETaseWT_pool_13607,,290,4,,True,False,False,False,,,,,,,,,,,,,,,2.59585
IsPETaseWT_pool_13614,,290,5,,True,False,False,False,,,,,,,,,,,,,,,2.7350297
IsPETaseWT_pool_13699,,290,5,,True,False,False,False,,,,,,,,,,,,,,,2.7892609
IsPETaseWT_pool_13800,,290,4,,True,False,False,False,,,,,,,,,,,,,,,2.5748653
IsPETaseWT_pool_13807,,290,5,,True,False,False,False,,,,,,,,,,,,,,,2.5912507
IsPETaseWT_pool_13831,,290,5,,True,False,False,False,,,,,,,,,,,,,,,2.7920914
IsPETaseWT_pool_13839,,290,5,,True,False,False,False,,,,,,,,,,,,,,,2.8051946
IsPETaseWT_pool_13856,,290,5,,True,False,False,False,,,,,,,,,,,,,,,2.7704234
IsPETaseWT_pool_13934,,290,5,,True,False,False,False,,,,,,,,,,,,,,,2.740518
IsPETaseWT_pool_14047,,290,5,,True,False,False,False,,,,,,,,,,,,,,,2.8680315
IsPETaseWT_pool_14164,,290,4,,True,False,False,False,,,,,,,,,,,,,,,2.9017076
IsPETaseWT_pool_14221,,290,5,,True,False,False,False,,,,,,,,,,,,,,,2.7892609
IsPETaseWT_pool_14237,,290,4,,True,False,False,False,,,,,,,,,,,,,,,2.8211646
IsPETaseWT_pool_14328,,290,4,,True,False,False,False,,,,,,,,,,,,,,,2.6106472
IsPETaseWT_pool_14344,,290,5,,True,False,False,False,,,,,,,,,,,,,,,2.85337
IsPETaseWT_pool_14428,,290,5,,True,False,False,False,,,,,,,,,,,,,,,2.773336
IsPETaseWT_pool_14454,,290,5,,True,False,False,False,,,,,,,,,,,,,,,2.798311
IsPETaseWT_pool_14466,,290,5,,True,False,False,False,,,,,,,,,,,,,,,2.7787378
IsPETaseWT_pool_14601,,290,5,,True,False,False,False,,,,,,,,,,,,,,,2.8072124
IsPETaseWT_pool_14621,,290,5,,True,False,False,False,,,,,,,,,,,,,,,2.5946012
IsPETaseWT_pool_14676,,290,5,,True,False,False,False,,,,,,,,,,,,,,,2.9626255
IsPETaseWT_pool_14712,,290,5,,True,False,False,False,,,,,,,,,,,,,,,2.8220792
IsPETaseWT_pool_14717,,290,5,,True,False,False,False,,,,,,,,,,,,,,,2.8801346
IsPETaseWT_pool_14765,,290,5,,True,False,False,False,,,,,,,,,,,,,,,2.5773764
IsPETaseWT_pool_14827,,290,5,,True,False,False,False,,,,,,,,,,,,,,,2.9518142
IsPETaseWT_pool_14844,,290,5,,True,False,False,False,,,,,,,,,,,,,,,2.7892609
IsPETaseWT_pool_14962,,290,5,,True,False,False,False,,,,,,,,,,,,,,,2.856113
IsPETaseWT_pool_15026,,290,5,,True,False,False,False,,,,,,,,,,,,,,,2.6074333
IsPETaseWT_pool_15058,,290,5,,True,False,False,False,,,,,,,,,,,,,,,2.6405869
IsPETaseWT_pool_15082,,290,5,,True,False,False,False,,,,,,,,,,,,,,,2.8131778
IsPETaseWT_pool_15124,,290,5,,True,False,False,False,,,,,,,,,,,,,,,2.584289
IsPETaseWT_pool_15146,,290,4,,True,False,False,False,,,,,,,,,,,,,,,2.5748653
IsPETaseWT_pool_15266,,290,5,,True,False,False,False,,,,,,,,,,,,,,,2.7281146
IsPETaseWT_pool_15275,,290,5,,True,False,False,False,,,,,,,,,,,,,,,2.7722733
IsPETaseWT_pool_15299,,290,4,,True,False,False,False,,,,,,,,,,,,,,,2.5675688
IsPETaseWT_pool_15397,,290,4,,True,False,False,False,,,,,,,,,,,,,,,2.5686457
IsPETaseWT_pool_15401,,290,5,,True,False,False,False,,,,,,,,,,,,,,,2.745871
IsPETaseWT_pool_15434,,290,5,,True,False,False,False,,,,,,,,,,,,,,,2.6204553
IsPETaseWT_pool_15474,,290,5,,True,False,False,False,,,,,,,,,,,,,,,2.7076118
IsPETaseWT_pool_15517,,290,5,,True,False,False,False,,,,,,,,,,,,,,,2.60732
IsPETaseWT_pool_15556,,290,5,,True,False,False,False,,,,,,,,,,,,,,,2.8844197
IsPETaseWT_pool_15590,,290,5,,True,False,False,False,,,,,,,,,,,,,,,2.8934264
IsPETaseWT_pool_15693,,290,5,,True,False,False,False,,,,,,,,,,,,,,,2.7506995
IsPETaseWT_pool_15728,,290,5,,True,False,False,False,,,,,,,,,,,,,,,2.85008
IsPETaseWT_pool_15842,,290,5,,True,False,False,False,,,,,,,,,,,,,,,2.811642
IsPETaseWT_pool_15849,,290,5,,True,False,False,False,,,,,,,,,,,,,,,2.8680315
IsPETaseWT_pool_15883,,290,5,,True,False,False,False,,,,,,,,,,,,,,,2.8162625
IsPETaseWT_pool_15906,,290,5,,True,False,False,False,,,,,,,,,,,,,,,2.7870123
IsPETaseWT_pool_16025,,290,5,,True,False,False,False,,,,,,,,,,,,,,,2.933163
IsPETaseWT_pool_16065,,290,5,,True,False,False,False,,,,,,,,,,,,,,,2.6346762
IsPETaseWT_pool_16099,,290,5,,True,False,False,False,,,,,,,,,,,,,,,2.599156
IsPETaseWT_pool_16106,,290,5,,True,False,False,False,,,,,,,,,,,,,,,2.8041277
IsPETaseWT_pool_16149,,290,5,,True,False,False,False,,,,,,,,,,,,,,,2.9175544
IsPETaseWT_pool_16151,,290,5,,True,False,False,False,,,,,,,,,,,,,,,2.5680919
IsPETaseWT_pool_16245,,290,5,,True,False,False,False,,,,,,,,,,,,,,,2.8320692
IsPETaseWT_pool_16364,,290,5,,True,False,False,False,,,,,,,,,,,,,,,2.6759088
IsPETaseWT_pool_16378,,290,5,,True,False,False,False,,,,,,,,,,,,,,,2.6869767
IsPETaseWT_pool_16483,,290,5,,True,False,False,False,,,,,,,,,,,,,,,2.6107883
IsPETaseWT_pool_16552,,290,5,,True,False,False,False,,,,,,,,,,,,,,,2.8733225
IsPETaseWT_pool_16584,,290,5,,True,False,False,False,,,,,,,,,,,,,,,2.7134178
IsPETaseWT_pool_16602,,290,4,,True,False,False,False,,,,,,,,,,,,,,,2.624272
IsPETaseWT_pool_16636,,290,5,,True,False,False,False,,,,,,,,,,,,,,,2.7907004
IsPETaseWT_pool_16722,,290,4,,True,False,False,False,,,,,,,,,,,,,,,2.5933392
IsPETaseWT_pool_16774,,290,5,,True,False,False,False,,,,,,,,,,,,,,,2.966628
IsPETaseWT_pool_16823,,290,4,,True,False,False,False,,,,,,,,,,,,,,,2.6451082
IsPETaseWT_pool_16834,,290,5,,True,False,False,False,,,,,,,,,,,,,,,2.7695374
IsPETaseWT_pool_16843,,290,5,,True,False,False,False,,,,,,,,,,,,,,,2.6288793
IsPETaseWT_pool_16849,,290,5,,True,False,False,False,,,,,,,,,,,,,,,2.805581
IsPETaseWT_pool_16895,,290,4,,True,False,False,False,,,,,,,,,,,,,,,2.6657438
IsPETaseWT_pool_16943,,290,5,,True,False,False,False,,,,,,,,,,,,,,,2.677667
IsPETaseWT_pool_17016,,290,5,,True,False,False,False,,,,,,,,,,,,,,,2.8770816
IsPETaseWT_pool_17128,,290,4,,True,False,False,False,,,,,,,,,,,,,,,2.8110113
IsPETaseWT_pool_17141,,290,5,,True,False,False,False,,,,,,,,,,,,,,,2.6106472
IsPETaseWT_pool_17254,,290,5,,True,False,False,False,,,,,,,,,,,,,,,2.8891692
IsPETaseWT_pool_17273,,290,5,,True,False,False,False,,,,,,,,,,,,,,,2.8110113
IsPETaseWT_pool_17288,,290,5,,True,False,False,False,,,,,,,,,,,,,,,2.881634
IsPETaseWT_pool_17296,,290,5,,True,False,False,False,,,,,,,,,,,,,,,2.6391387
IsPETaseWT_pool_17300,,290,5,,True,False,False,False,,,,,,,,,,,,,,,2.5928168
IsPETaseWT_pool_17387,,290,5,,True,False,False,False,,,,,,,,,,,,,,,2.819197
IsPETaseWT_pool_17410,,290,5,,True,False,False,False,,,,,,,,,,,,,,,2.8749769
IsPETaseWT_pool_17443,,290,5,,True,False,False,False,,,,,,,,,,,,,,,2.8162625
IsPETaseWT_pool_17472,,290,5,,True,False,False,False,,,,,,,,,,,,,,,2.8155043
IsPETaseWT_pool_17519,,290,5,,True,False,False,False,,,,,,,,,,,,,,,2.701262
IsPETaseWT_pool_17611,,290,5,,True,False,False,False,,,,,,,,,,,,,,,2.8477178
IsPETaseWT_pool_17627,,290,5,,True,False,False,False,,,,,,,,,,,,,,,2.8078408
IsPETaseWT_pool_17751,,290,5,,True,False,False,False,,,,,,,,,,,,,,,2.8625846
IsPETaseWT_pool_17799,,290,5,,True,False,False,False,,,,,,,,,,,,,,,2.791419
IsPETaseWT_pool_17848,,290,5,,True,False,False,False,,,,,,,,,,,,,,,2.8477178
IsPETaseWT_pool_17912,,290,5,,True,False,False,False,,,,,,,,,,,,,,,2.849194
IsPETaseWT_pool_17981,,290,5,,True,False,False,False,,,,,,,,,,,,,,,2.6261575
IsPETaseWT_pool_18002,,290,5,,True,False,False,False,,,,,,,,,,,,,,,2.8644378
IsPETaseWT_pool_18034,,290,5,,True,False,False,False,,,,,,,,,,,,,,,2.6076834
IsPETaseWT_pool_18165,,290,5,,True,False,False,False,,,,,,,,,,,,,,,2.7892609
IsPETaseWT_pool_18180,,290,5,,True,False,False,False,,,,,,,,,,,,,,,2.7975876
IsPETaseWT_pool_18196,,290,4,,True,False,False,False,,,,,,,,,,,,,,,2.8424666
IsPETaseWT_pool_18228,,290,5,,True,False,False,False,,,,,,,,,,,,,,,2.6198292
IsPETaseWT_pool_18270,,290,5,,True,False,False,False,,,,,,,,,,,,,,,2.8424666
IsPETaseWT_pool_18273,,290,5,,True,False,False,False,,,,,,,,,,,,,,,2.8868496
IsPETaseWT_pool_18317,,290,5,,True,False,False,False,,,,,,,,,,,,,,,2.85008
IsPETaseWT_pool_18333,,290,5,,True,False,False,False,,,,,,,,,,,,,,,2.7043676
IsPETaseWT_pool_18397,,290,5,,True,False,False,False,,,,,,,,,,,,,,,2.8723438
IsPETaseWT_pool_18500,,290,5,,True,False,False,False,,,,,,,,,,,,,,,2.8477178
IsPETaseWT_pool_18509,,290,5,,True,False,False,False,,,,,,,,,,,,,,,2.798311
IsPETaseWT_pool_18539,,290,5,,True,False,False,False,,,,,,,,,,,,,,,2.7395601
IsPETaseWT_pool_18576,,290,5,,True,False,False,False,,,,,,,,,,,,,,,2.8589964
IsPETaseWT_pool_18612,,290,5,,True,False,False,False,,,,,,,,,,,,,,,2.622928
IsPETaseWT_pool_18748,,290,5,,True,False,False,False,,,,,,,,,,,,,,,2.6630597
IsPETaseWT_pool_18771,,290,5,,True,False,False,False,,,,,,,,,,,,,,,2.6531062
IsPETaseWT_pool_18806,,290,5,,True,False,False,False,,,,,,,,,,,,,,,2.9061127
IsPETaseWT_pool_18833,,290,5,,True,False,False,False,,,,,,,,,,,,,,,2.8919485
IsPETaseWT_pool_18945,,290,5,,True,False,False,False,,,,,,,,,,,,,,,2.5725374
IsPETaseWT_pool_18964,,290,4,,True,False,False,False,,,,,,,,,,,,,,,2.7978356
IsPETaseWT_pool_19109,,290,5,,True,False,False,False,,,,,,,,,,,,,,,2.8580818
IsPETaseWT_pool_19190,,290,5,,True,False,False,False,,,,,,,,,,,,,,,2.853308
IsPETaseWT_pool_19194,,290,5,,True,False,False,False,,,,,,,,,,,,,,,2.7727242
IsPETaseWT_pool_19219,,290,5,,True,False,False,False,,,,,,,,,,,,,,,2.5748858
IsPETaseWT_pool_19226,,290,5,,True,False,False,False,,,,,,,,,,,,,,,2.9546075
IsPETaseWT_pool_19251,,290,5,,True,False,False,False,,,,,,,,,,,,,,,2.8612967
IsPETaseWT_pool_19255,,290,5,,True,False,False,False,,,,,,,,,,,,,,,2.6873133
IsPETaseWT_pool_19299,,290,5,,True,False,False,False,,,,,,,,,,,,,,,2.798311
IsPETaseWT_pool_19345,,290,5,,True,False,False,False,,,,,,,,,,,,,,,2.6074333
IsPETaseWT_pool_19365,,290,5,,True,False,False,False,,,,,,,,,,,,,,,2.8983607
IsPETaseWT_pool_19389,,290,5,,True,False,False,False,,,,,,,,,,,,,,,2.9148188
IsPETaseWT_pool_19487,,290,5,,True,False,False,False,,,,,,,,,,,,,,,2.6193175
IsPETaseWT_pool_19519,,290,5,,True,False,False,False,,,,,,,,,,,,,,,2.6451082
IsPETaseWT_pool_19554,,290,5,,True,False,False,False,,,,,,,,,,,,,,,2.617812
IsPETaseWT_pool_19587,,290,5,,True,False,False,False,,,,,,,,,,,,,,,2.7580485
IsPETaseWT_pool_19613,,290,5,,True,False,False,False,,,,,,,,,,,,,,,2.6657438
IsPETaseWT_pool_19724,,290,5,,True,False,False,False,,,,,,,,,,,,,,,2.629485
IsPETaseWT_pool_19746,,290,5,,True,False,False,False,,,,,,,,,,,,,,,2.8072124
IsPETaseWT_pool_19760,,290,5,,True,False,False,False,,,,,,,,,,,,,,,2.8493218
IsPETaseWT_pool_19765,,290,5,,True,False,False,False,,,,,,,,,,,,,,,2.798311
IsPETaseWT_pool_19768,,290,5,,True,False,False,False,,,,,,,,,,,,,,,2.6212013
IsPETaseWT_pool_19890,,290,5,,True,False,False,False,,,,,,,,,,,,,,,2.588196
IsPETaseWT_pool_20044,,290,5,,True,False,False,False,,,,,,,,,,,,,,,2.6671538
IsPETaseWT_pool_20130,,290,5,,True,False,False,False,,,,,,,,,,,,,,,2.6021676
IsPETaseWT_pool_20155,,290,5,,True,False,False,False,,,,,,,,,,,,,,,2.5986333
IsPETaseWT_pool_20335,,290,5,,True,False,False,False,,,,,,,,,,,,,,,2.5963655
IsPETaseWT_pool_20342,,290,5,,True,False,False,False,,,,,,,,,,,,,,,2.7013988
IsPETaseWT_pool_20402,,290,5,,True,False,False,False,,,,,,,,,,,,,,,2.8477178
IsPETaseWT_pool_20440,,290,5,,True,False,False,False,,,,,,,,,,,,,,,2.6391387
IsPETaseWT_pool_20443,,290,5,,True,False,False,False,,,,,,,,,,,,,,,2.8382888
IsPETaseWT_pool_20470,,290,5,,True,False,False,False,,,,,,,,,,,,,,,2.8644378
IsPETaseWT_pool_20475,,290,5,,True,False,False,False,,,,,,,,,,,,,,,2.8110113
IsPETaseWT_pool_20579,,290,5,,True,False,False,False,,,,,,,,,,,,,,,2.5966947
IsPETaseWT_pool_20593,,290,5,,True,False,False,False,,,,,,,,,,,,,,,2.8771803
IsPETaseWT_pool_20612,,290,5,,True,False,False,False,,,,,,,,,,,,,,,2.8828702
IsPETaseWT_pool_20712,,290,5,,True,False,False,False,,,,,,,,,,,,,,,2.633992
IsPETaseWT_pool_20757,,290,5,,True,False,False,False,,,,,,,,,,,,,,,2.9017076
IsPETaseWT_pool_20791,,290,5,,True,False,False,False,,,,,,,,,,,,,,,2.6431134
IsPETaseWT_pool_20798,,290,5,,True,False,False,False,,,,,,,,,,,,,,,2.776992
IsPETaseWT_pool_20819,,290,5,,True,False,False,False,,,,,,,,,,,,,,,2.5673015
IsPETaseWT_pool_20831,,290,5,,True,False,False,False,,,,,,,,,,,,,,,2.8644378
IsPETaseWT_pool_20850,,290,5,,True,False,False,False,,,,,,,,,,,,,,,2.622928
IsPETaseWT_pool_20860,,290,5,,True,False,False,False,,,,,,,,,,,,,,,2.8072124
IsPETaseWT_pool_20882,,290,5,,True,False,False,False,,,,,,,,,,,,,,,2.8644378
IsPETaseWT_pool_20960,,290,5,,True,False,False,False,,,,,,,,,,,,,,,2.6356845
IsPETaseWT_pool_21060,,290,5,,True,False,False,False,,,,,,,,,,,,,,,2.8125033
IsPETaseWT_pool_21088,,290,5,,True,False,False,False,,,,,,,,,,,,,,,2.8771803
IsPETaseWT_pool_21107,,290,5,,True,False,False,False,,,,,,,,,,,,,,,2.862929
IsPETaseWT_pool_21122,,290,5,,True,False,False,False,,,,,,,,,,,,,,,2.6779265
IsPETaseWT_pool_21193,,290,5,,True,False,False,False,,,,,,,,,,,,,,,2.628319
IsPETaseWT_pool_21225,,290,5,,True,False,False,False,,,,,,,,,,,,,,,2.8517644
IsPETaseWT_pool_21267,,290,5,,True,False,False,False,,,,,,,,,,,,,,,2.5654516
IsPETaseWT_pool_21269,,290,5,,True,False,False,False,,,,,,,,,,,,,,,2.792947
IsPETaseWT_pool_21298,,290,5,,True,False,False,False,,,,,,,,,,,,,,,2.8041277
IsPETaseWT_pool_21403,,290,5,,True,False,False,False,,,,,,,,,,,,,,,2.9223516
IsPETaseWT_pool_21684,,290,5,,True,False,False,False,,,,,,,,,,,,,,,2.614245
IsPETaseWT_pool_21702,,290,5,,True,False,False,False,,,,,,,,,,,,,,,2.8080108
IsPETaseWT_pool_21809,,290,5,,True,False,False,False,,,,,,,,,,,,,,,2.6382942
IsPETaseWT_pool_21821,,290,5,,True,False,False,False,,,,,,,,,,,,,,,2.640992
IsPETaseWT_pool_21849,,290,5,,True,False,False,False,,,,,,,,,,,,,,,2.8278475
IsPETaseWT_pool_21896,,290,5,,True,False,False,False,,,,,,,,,,,,,,,2.6144514
IsPETaseWT_pool_21900,,290,5,,True,False,False,False,,,,,,,,,,,,,,,2.6874938
IsPETaseWT_pool_21907,,290,5,,True,False,False,False,,,,,,,,,,,,,,,2.8919485
IsPETaseWT_pool_21933,,290,5,,True,False,False,False,,,,,,,,,,,,,,,2.8651686
IsPETaseWT_pool_21956,,290,5,,True,False,False,False,,,,,,,,,,,,,,,2.7732685
IsPETaseWT_pool_21972,,290,5,,True,False,False,False,,,,,,,,,,,,,,,2.6472695
IsPETaseWT_pool_22067,,290,5,,True,False,False,False,,,,,,,,,,,,,,,2.5834985
IsPETaseWT_pool_22125,,290,4,,True,False,False,False,,,,,,,,,,,,,,,2.8064542
IsPETaseWT_pool_22174,,290,5,,True,False,False,False,,,,,,,,,,,,,,,2.7304008
IsPETaseWT_pool_22191,,290,5,,True,False,False,False,,,,,,,,,,,,,,,2.8535345
IsPETaseWT_pool_22227,,290,5,,True,False,False,False,,,,,,,,,,,,,,,2.8250136
IsPETaseWT_pool_22244,,290,5,,True,False,False,False,,,,,,,,,,,,,,,2.7940168
IsPETaseWT_pool_22322,,290,5,,True,False,False,False,,,,,,,,,,,,,,,2.6861477
IsPETaseWT_pool_22326,,290,5,,True,False,False,False,,,,,,,,,,,,,,,2.7892609
IsPETaseWT_pool_22378,,290,5,,True,False,False,False,,,,,,,,,,,,,,,2.5658312
IsPETaseWT_pool_22598,,290,5,,True,False,False,False,,,,,,,,,,,,,,,2.8080108
IsPETaseWT_pool_22720,,290,5,,True,False,False,False,,,,,,,,,,,,,,,2.5865967
IsPETaseWT_pool_22779,,290,5,,True,False,False,False,,,,,,,,,,,,,,,2.7846632
IsPETaseWT_pool_22839,,290,5,,True,False,False,False,,,,,,,,,,,,,,,2.7604036
IsPETaseWT_pool_22874,,290,5,,True,False,False,False,,,,,,,,,,,,,,,2.5803185
IsPETaseWT_pool_22935,,290,5,,True,False,False,False,,,,,,,,,,,,,,,2.628319
IsPETaseWT_pool_23013,,290,5,,True,False,False,False,,,,,,,,,,,,,,,2.629485
IsPETaseWT_pool_23155,,290,5,,True,False,False,False,,,,,,,,,,,,,,,2.5773764
IsPETaseWT_pool_23253,,290,5,,True,False,False,False,,,,,,,,,,,,,,,2.798311
IsPETaseWT_pool_23308,,290,4,,True,False,False,False,,,,,,,,,,,,,,,2.85008
IsPETaseWT_pool_23423,,290,5,,True,False,False,False,,,,,,,,,,,,,,,2.8408885
IsPETaseWT_pool_23432,,290,5,,True,False,False,False,,,,,,,,,,,,,,,2.864131
IsPETaseWT_pool_23542,,290,5,,True,False,False,False,,,,,,,,,,,,,,,2.8441296
IsPETaseWT_pool_23576,,290,5,,True,False,False,False,,,,,,,,,,,,,,,2.7852902
IsPETaseWT_pool_23627,,290,5,,True,False,False,False,,,,,,,,,,,,,,,2.8707156
IsPETaseWT_pool_23721,,290,5,,True,False,False,False,,,,,,,,,,,,,,,2.8823586
IsPETaseWT_pool_23754,,290,5,,True,False,False,False,,,,,,,,,,,,,,,2.6430027
IsPETaseWT_pool_23790,,290,5,,True,False,False,False,,,,,,,,,,,,,,,2.6088316
IsPETaseWT_pool_23824,,290,5,,True,False,False,False,,,,,,,,,,,,,,,2.8919485
IsPETaseWT_pool_23867,,290,5,,True,False,False,False,,,,,,,,,,,,,,,2.5672145
IsPETaseWT_pool_23958,,290,5,,True,False,False,False,,,,,,,,,,,,,,,2.5952482
IsPETaseWT_pool_24170,,290,5,,True,False,False,False,,,,,,,,,,,,,,,2.8437471
IsPETaseWT_pool_24282,,290,5,,True,False,False,False,,,,,,,,,,,,,,,2.7506995
IsPETaseWT_pool_24287,,290,5,,True,False,False,False,,,,,,,,,,,,,,,2.6630597
IsPETaseWT_pool_24370,,290,5,,True,False,False,False,,,,,,,,,,,,,,,2.7885027
IsPETaseWT_pool_24415,,290,5,,True,False,False,False,,,,,,,,,,,,,,,2.8125033
IsPETaseWT_pool_24469,,290,5,,True,False,False,False,,,,,,,,,,,,,,,2.9004533
IsPETaseWT_pool_24490,,290,5,,True,False,False,False,,,,,,,,,,,,,,,2.8612967
IsPETaseWT_pool_24546,,290,5,,True,False,False,False,,,,,,,,,,,,,,,2.7885027
IsPETaseWT_pool_24628,,290,5,,True,False,False,False,,,,,,,,,,,,,,,2.8409932
IsPETaseWT_pool_24647,,290,5,,True,False,False,False,,,,,,,,,,,,,,,2.8311293
IsPETaseWT_pool_24671,,290,5,,True,False,False,False,,,,,,,,,,,,,,,2.8040557
IsPETaseWT_pool_24681,,290,5,,True,False,False,False,,,,,,,,,,,,,,,2.595195
IsPETaseWT_pool_24713,,290,5,,True,False,False,False,,,,,,,,,,,,,,,2.8517644
IsPETaseWT_pool_24720,,290,5,,True,False,False,False,,,,,,,,,,,,,,,2.659061
IsPETaseWT_pool_24752,,290,5,,True,False,False,False,,,,,,,,,,,,,,,2.7647707
IsPETaseWT_pool_24870,,290,5,,True,False,False,False,,,,,,,,,,,,,,,2.6167247
IsPETaseWT_pool_24888,,290,5,,True,False,False,False,,,,,,,,,,,,,,,2.6765635
IsPETaseWT_pool_24902,,290,5,,True,False,False,False,,,,,,,,,,,,,,,2.9017076
IsPETaseWT_pool_24952,,290,5,,True,False,False,False,,,,,,,,,,,,,,,2.584289
IsPETaseWT_pool_24970,,290,5,,True,False,False,False,,,,,,,,,,,,,,,2.8996706
IsPETaseWT_pool_24979,,290,5,,True,False,False,False,,,,,,,,,,,,,,,2.7892609
IsPETaseWT_pool_24987,,290,5,,True,False,False,False,,,,,,,,,,,,,,,2.6198292
IsPETaseWT_pool_25120,,290,5,,True,False,False,False,,,,,,,,,,,,,,,2.833838
IsPETaseWT_pool_25121,,290,5,,True,False,False,False,,,,,,,,,,,,,,,2.798311
IsPETaseWT_pool_25195,,290,5,,True,False,False,False,,,,,,,,,,,,,,,2.6657438
IsPETaseWT_pool_25197,,290,5,,True,False,False,False,,,,,,,,,,,,,,,2.7892609
IsPETaseWT_pool_25238,,290,5,,True,False,False,False,,,,,,,,,,,,,,,2.7695374
IsPETaseWT_pool_25239,,290,5,,True,False,False,False,,,,,,,,,,,,,,,2.8828983
IsPETaseWT_pool_25260,,290,5,,True,False,False,False,,,,,,,,,,,,,,,2.6574917
IsPETaseWT_pool_25302,,290,5,,True,False,False,False,,,,,,,,,,,,,,,2.659061
IsPETaseWT_pool_25404,,290,5,,True,False,False,False,,,,,,,,,,,,,,,2.8312426
IsPETaseWT_pool_25426,,290,5,,True,False,False,False,,,,,,,,,,,,,,,2.5695126
IsPETaseWT_pool_25552,,290,5,,True,False,False,False,,,,,,,,,,,,,,,2.630099
IsPETaseWT_pool_25575,,290,5,,True,False,False,False,,,,,,,,,,,,,,,2.5815213
IsPETaseWT_pool_25619,,290,5,,True,False,False,False,,,,,,,,,,,,,,,2.635705
IsPETaseWT_pool_25685,,290,5,,True,False,False,False,,,,,,,,,,,,,,,2.6574347
IsPETaseWT_pool_25818,,290,5,,True,False,False,False,,,,,,,,,,,,,,,2.8311293
IsPETaseWT_pool_25936,,290,5,,True,False,False,False,,,,,,,,,,,,,,,2.777162
IsPETaseWT_pool_25949,,290,5,,True,False,False,False,,,,,,,,,,,,,,,2.6391387
IsPETaseWT_pool_25974,,290,5,,True,False,False,False,,,,,,,,,,,,,,,2.583531
IsPETaseWT_pool_26042,,290,5,,True,False,False,False,,,,,,,,,,,,,,,2.8386676
IsPETaseWT_pool_26112,,290,5,,True,False,False,False,,,,,,,,,,,,,,,2.6910546
IsPETaseWT_pool_26127,,290,5,,True,False,False,False,,,,,,,,,,,,,,,2.9516168
IsPETaseWT_pool_26174,,290,5,,True,False,False,False,,,,,,,,,,,,,,,2.6171074
IsPETaseWT_pool_26191,,290,5,,True,False,False,False,,,,,,,,,,,,,,,2.882969
IsPETaseWT_pool_26210,,290,5,,True,False,False,False,,,,,,,,,,,,,,,2.6636636
IsPETaseWT_pool_26318,,290,5,,True,False,False,False,,,,,,,,,,,,,,,2.8820825
IsPETaseWT_pool_26355,,290,5,,True,False,False,False,,,,,,,,,,,,,,,2.8828983
IsPETaseWT_pool_26453,,290,5,,True,False,False,False,,,,,,,,,,,,,,,2.6076834
IsPETaseWT_pool_26522,,290,5,,True,False,False,False,,,,,,,,,,,,,,,2.7061508
IsPETaseWT_pool_26623,,290,5,,True,False,False,False,,,,,,,,,,,,,,,2.6568582
IsPETaseWT_pool_26745,,290,5,,True,False,False,False,,,,,,,,,,,,,,,2.9123359
IsPETaseWT_pool_26749,,290,5,,True,False,False,False,,,,,,,,,,,,,,,2.8999465
IsPETaseWT_pool_26843,,290,5,,True,False,False,False,,,,,,,,,,,,,,,2.6489072
IsPETaseWT_pool_26847,,290,5,,True,False,False,False,,,,,,,,,,,,,,,2.8041277
IsPETaseWT_pool_26942,,290,5,,True,False,False,False,,,,,,,,,,,,,,,2.8718305
IsPETaseWT_pool_26965,,290,5,,True,False,False,False,,,,,,,,,,,,,,,2.5668764
IsPETaseWT_pool_26998,,290,5,,True,False,False,False,,,,,,,,,,,,,,,2.8311293
IsPETaseWT_pool_27048,,290,5,,True,False,False,False,,,,,,,,,,,,,,,2.7076118
IsPETaseWT_pool_27127,,290,5,,True,False,False,False,,,,,,,,,,,,,,,2.6261575
IsPETaseWT_pool_27144,,290,5,,True,False,False,False,,,,,,,,,,,,,,,2.8311293
IsPETaseWT_pool_27261,,290,5,,True,False,False,False,,,,,,,,,,,,,,,2.6541584
IsPETaseWT_pool_27294,,290,5,,True,False,False,False,,,,,,,,,,,,,,,2.676501
IsPETaseWT_pool_27308,,290,5,,True,False,False,False,,,,,,,,,,,,,,,2.8346684
IsPETaseWT_pool_27336,,290,5,,True,False,False,False,,,,,,,,,,,,,,,2.5754104
IsPETaseWT_pool_27376,,290,5,,True,False,False,False,,,,,,,,,,,,,,,2.595195
IsPETaseWT_pool_27399,,290,5,,True,False,False,False,,,,,,,,,,,,,,,2.8009927
IsPETaseWT_pool_27416,,290,5,,True,False,False,False,,,,,,,,,,,,,,,2.6985617
IsPETaseWT_pool_27439,,290,5,,True,False,False,False,,,,,,,,,,,,,,,2.6873124
IsPETaseWT_pool_27485,,290,5,,True,False,False,False,,,,,,,,,,,,,,,2.9018064
IsPETaseWT_pool_27488,,290,5,,True,False,False,False,,,,,,,,,,,,,,,2.752676
IsPETaseWT_pool_27524,,290,5,,True,False,False,False,,,,,,,,,,,,,,,2.59827
IsPETaseWT_pool_27525,,290,5,,True,False,False,False,,,,,,,,,,,,,,,2.798311
IsPETaseWT_pool_27574,,290,5,,True,False,False,False,,,,,,,,,,,,,,,2.8311293
IsPETaseWT_pool_27688,,290,5,,True,False,False,False,,,,,,,,,,,,,,,2.9017076
IsPETaseWT_pool_27701,,290,5,,True,False,False,False,,,,,,,,,,,,,,,2.8032131
IsPETaseWT_pool_27772,,290,5,,True,False,False,False,,,,,,,,,,,,,,,2.730075
IsPETaseWT_pool_27796,,290,5,,True,False,False,False,,,,,,,,,,,,,,,2.882851
IsPETaseWT_pool_27835,,290,5,,True,False,False,False,,,,,,,,,,,,,,,2.5695126
IsPETaseWT_pool_27844,,290,5,,True,False,False,False,,,,,,,,,,,,,,,2.7641594
