id,prediction,length,mut_count,protected_mutations,disulfide_seq_ok,glyco_motif_new,duplicate_sequence,in_training_seq,plddt_mean_x,plddt_min,plddt_key_mean,plddt_key_min,triad_ser160_his237,triad_asp206_his237,triad_ser160_asp206,triad_struct_ok,disulfide_203_239_dist,disulfide_273_289_dist,disulfide_struct_ok,rmsd_ca,rmsd_key_ca,flags,pred_residual,wt_energy_reu,mut_energy_reu,ddg_reu,plddt_mean_y
IsPETaseWT_pool_6953,,290,5,,True,False,False,False,,,,,,,,,,,,,,,2.9538462,981.541,980.839,-0.7020000000001119,
IsPETaseWT_pool_24902,,290,5,,True,False,False,False,,,,,,,,,,,,,,,2.9017076,1088.8143333333337,1083.497,-5.3173333333334085,
IsPETaseWT_pool_24970,,290,5,,True,False,False,False,,,,,,,,,,,,,,,2.8996706,958.8683333333332,861.2403333333333,-97.62800000000004,
IsPETaseWT_pool_21933,,290,5,,True,False,False,False,,,,,,,,,,,,,,,2.8651686,852.189,734.672,-117.51699999999994,
IsPETaseWT_pool_23253,,290,5,,True,False,False,False,,,,,,,,,,,,,,,2.798311,970.1763333333332,961.942,-8.234333333333325,
IsPETaseWT_pool_25936,,290,5,,True,False,False,False,,,,,,,,,,,,,,,2.777162,1166.361666666667,1163.8736666666666,-2.4880000000000564,
IsPETaseWT_pool_21956,,290,5,,True,False,False,False,,,,,,,,,,,,,,,2.7732685,1095.292,1094.5873333333334,-0.7046666666667534,
IsPETaseWT_pool_26112,,290,5,,True,False,False,False,,,,,,,,,,,,,,,2.6910546,969.6706666666664,963.762,-5.908666666666477,
IsPETaseWT_pool_531,,290,5,,True,False,False,False,,,,,,,,,,,,,,,2.6685026,1142.3916666666669,1134.2266666666667,-8.164999999999964,
IsPETaseWT_pool_5089,,290,5,,True,False,False,False,,,,,,,,,,,,,,,2.6657238,780.5596666666667,663.1206666666667,-117.43899999999996,
IsPETaseWT_pool_9041,,290,5,,True,False,False,False,,,,,,,,,,,,,,,2.6595511,940.458,936.491,-3.966999999999985,
IsPETaseWT_pool_483,,290,4,,True,False,False,False,,,,,,,,,,,,,,,2.659061,1004.1626666666666,982.5126666666666,-21.649999999999977,
IsPETaseWT_pool_9663,,290,5,,True,False,False,False,,,,,,,,,,,,,,,2.659061,1095.3686666666665,1087.784666666667,-7.583999999999833,
IsPETaseWT_pool_25302,,290,5,,True,False,False,False,,,,,,,,,,,,,,,2.659061,972.9623333333332,944.552,-28.410333333333256,
IsPETaseWT_pool_24720,,290,5,,True,False,False,False,,,,,,,,,,,,,,,2.659061,1112.0136666666667,1090.8903333333335,-21.12333333333322,
IsPETaseWT_pool_25619,,290,5,,True,False,False,False,,,,,,,,,,,,,,,2.635705,1101.5206666666666,1094.0706666666667,-7.449999999999818,
IsPETaseWT_pool_24987,,290,5,,True,False,False,False,,,,,,,,,,,,,,,2.6198292,865.4293333333334,820.6883333333334,-44.74099999999999,
IsPETaseWT_pool_697,,290,4,,True,False,False,False,,,,,,,,,,,,,,,2.592581,985.2243333333332,984.313,-0.911333333333232,
IsPETaseWT_pool_27835,,290,5,,True,False,False,False,,,,,,,,,,,,,,,2.5695126,1138.5043333333333,1137.925,-0.5793333333333521,
IsPETaseWT_pool_23867,,290,5,,True,False,False,False,,,,,,,,,,,,,,,2.5672145,987.288,896.7883333333333,-90.49966666666673,
IsPETaseWT_pool_26965,,290,5,,True,False,False,False,,,,,,,,,,,,,,,2.5668764,1002.6826666666668,1002.025,-0.6576666666667279,
