id,prediction,length,mut_count,protected_mutations,disulfide_seq_ok,glyco_motif_new,duplicate_sequence,in_training_seq,plddt_mean_x,plddt_min,plddt_key_mean,plddt_key_min,triad_ser160_his237,triad_asp206_his237,triad_ser160_asp206,triad_struct_ok,disulfide_203_239_dist,disulfide_273_289_dist,disulfide_struct_ok,rmsd_ca,rmsd_key_ca,flags,pred_residual,wt_energy_reu,mut_energy_reu,ddg_reu,plddt_mean_y,pred_abs,baseline,context_key,publication,af2_dir_exists,af2_complete,af2_ranked_model_order,af2_top_model,af2_models_count,af2_model_plddt_mean_mean,af2_model_plddt_mean_min,af2_model_plddt_mean_max,af2_top_model_plddt_mean,af2_ranked0_plddt_mean,af2_ranked0_plddt_min,af2_ranked0_plddt_q25,af2_ranked0_plddt_q75,af2_ranked0_plddt_key_mean,af2_ranked0_plddt_key_min,af2_triad_ser160_his237,af2_triad_asp206_his237,af2_triad_ser160_asp206,af2_triad_struct_ok,af2_disulfide_203_239_dist,af2_disulfide_273_289_dist,af2_disulfide_struct_ok,af2_timing_features_s,af2_timing_predict_total_s,af2_timing_predict_mean_s,af2_pass_plddt_mean,af2_pass_plddt_key_mean,af2_pass_structure_geom,af2_pass_all,rosetta_pass_ddg_le_0,combined_structural_pass
IsPETaseWT_pool_6953,,290,5,,True,False,False,False,,,,,,,,,,,,,,,2.9538462,981.541,980.839,-0.7020000000001119,,1.5538462162017823,-1.4,,,True,True,model_1_pred_0;model_2_pred_0;model_5_pred_0;model_4_pred_0;model_3_pred_0,model_1_pred_0,5,93.50350580946008,93.23636150432762,94.32938512462948,94.32938512462948,94.32955172413794,46.22,98.37,98.86,98.19900000000001,93.83,2.8177602807904005,2.485900440484293,6.610802825678587,True,1.852879650705896,2.2964572715380545,True,546.681147813797,261.2949323654175,52.258986473083496,True,True,True,True,True,True
IsPETaseWT_pool_18806,,290,5,,True,False,False,False,,,,,,,,,,,,,,,2.9061127,980.0733333333334,863.0416666666666,-117.03166666666677,,1.5061126708984376,-1.4,,,True,True,model_1_pred_0;model_2_pred_0;model_5_pred_0;model_3_pred_0;model_4_pred_0,model_1_pred_0,5,93.47805180160714,93.14774607728462,94.26391476286426,94.26391476286426,94.26396551724139,45.99,98.3075,98.85,98.14899999999999,93.4,2.808492300149673,2.495379930992473,6.588353208503624,True,1.849863238188164,2.196155276841782,True,542.5359296798706,256.15920782089233,51.23184156417847,True,True,True,True,True,True
IsPETaseWT_pool_24902,,290,5,,True,False,False,False,,,,,,,,,,,,,,,2.9017076,1088.8143333333337,1083.497,-5.3173333333334085,,1.5017076492309571,-1.4,,,True,True,model_1_pred_0;model_5_pred_0;model_2_pred_0;model_4_pred_0;model_3_pred_0,model_1_pred_0,5,93.46955299076797,93.04745707881543,94.28710792974631,94.28710792974631,94.28737931034483,44.87,98.33,98.85,98.12800000000001,93.29,2.800460854930845,2.493445006411812,6.5695973240374474,True,1.8770905678735903,2.090877806090065,True,1295.4046771526337,332.6675431728363,66.53350863456726,True,True,True,True,True,True
IsPETaseWT_pool_24970,,290,5,,True,False,False,False,,,,,,,,,,,,,,,2.8996706,958.8683333333332,861.2403333333333,-97.62800000000004,,1.4996706008911134,-1.4,,,True,True,model_1_pred_0;model_2_pred_0;model_4_pred_0;model_5_pred_0;model_3_pred_0,model_1_pred_0,5,93.49778063529536,93.23096668677523,94.22550178220865,94.22550178220865,94.22575862068966,45.9,98.36,98.86,98.346,95.34,2.8201952060096827,2.5155011429136733,6.580408118042527,True,1.856528480794195,1.995899045543137,True,1232.187649011612,332.5535047054291,66.51070094108582,True,True,True,True,True,True
IsPETaseWT_pool_13154,,290,5,,True,False,False,False,,,,,,,,,,,,,,,2.8898437,964.179,963.1763333333332,-1.0026666666666415,,1.4898437023162845,-1.4,,,True,True,model_1_pred_0;model_2_pred_0;model_5_pred_0;model_4_pred_0;model_3_pred_0,model_1_pred_0,5,93.46480878131402,93.14946189392577,94.21880470833185,94.21880470833185,94.2191379310345,46.72,98.32499999999999,98.85,98.184,93.77,2.823565122323195,2.515374524797451,6.61156622896572,True,1.8756956043025732,2.2370507370196155,True,536.9509279727936,254.2092125415802,50.84184250831604,True,True,True,True,True,True
IsPETaseWT_pool_17254,,290,5,,True,False,False,False,,,,,,,,,,,,,,,2.8891692,848.7766666666666,733.283,-115.49366666666664,,1.489169216156006,-1.4,,,True,True,model_1_pred_0;model_2_pred_0;model_4_pred_0;model_5_pred_0;model_3_pred_0,model_1_pred_0,5,93.42673211832023,93.06804567800566,94.24766248916406,94.24766248916406,94.24775862068967,45.95,98.36,98.86,98.31199999999998,94.93,2.8362450528824192,2.514798003816609,6.6092209071871695,True,1.876377627238184,2.025050369743924,True,541.9694170951843,256.945436000824,51.389087200164795,True,True,True,True,True,True
IsPETaseWT_pool_16552,,290,5,,True,False,False,False,,,,,,,,,,,,,,,2.8733225,858.9246666666667,763.8086666666667,-95.116,,1.4733224868774415,-1.4,,,True,True,model_1_pred_0;model_5_pred_0;model_2_pred_0;model_4_pred_0;model_3_pred_0,model_1_pred_0,5,93.46852147388138,93.19778998416317,94.11308142857979,94.11308142857979,94.11324137931035,42.64,98.35,98.8575,98.244,94.4,2.805380188138499,2.502208024925186,6.57429806139028,True,1.8630837340280773,2.045584757471565,True,537.445433139801,256.5406379699707,51.30812759399414,True,True,True,True,True,True
IsPETaseWT_pool_21933,,290,5,,True,False,False,False,,,,,,,,,,,,,,,2.8651686,852.189,734.672,-117.51699999999994,,1.465168571472168,-1.4,,,True,True,model_1_pred_0;model_2_pred_0;model_5_pred_0;model_4_pred_0;model_3_pred_0,model_1_pred_0,5,93.49141556314416,93.15079685114101,94.33000244743039,94.33000244743039,94.33,45.75,98.3825,98.86,98.232,94.11,2.797183047281675,2.4821003202932785,6.560779984117741,True,1.8735904034767044,2.270803602251855,True,555.7342698574066,27327.593521595,5465.518704319,True,True,True,True,True,True
IsPETaseWT_pool_10273,,290,5,,True,False,False,False,,,,,,,,,,,,,,,2.8319328,1171.3176666666666,1169.3776666666663,-1.9400000000000543,,1.4319327831268311,-1.4,,,True,True,model_1_pred_0;model_5_pred_0;model_2_pred_0;model_4_pred_0;model_3_pred_0,model_1_pred_0,5,93.40064197695511,93.03789414226893,94.04129866277869,94.04129866277869,94.04131034482758,42.76,98.3025,98.85,98.15299999999999,93.74,2.8132246621981687,2.540195464919974,6.600670647744818,True,1.849984864802952,2.312581458024776,True,539.0118753910065,255.7700960636139,51.15401921272278,True,True,True,True,True,True
IsPETaseWT_pool_10458,,290,5,,True,False,False,False,,,,,,,,,,,,,,,2.8125033,876.7596666666667,805.4200000000001,-71.33966666666663,,1.4125033378601075,-1.4,,,True,True,model_1_pred_0;model_5_pred_0;model_2_pred_0;model_3_pred_0;model_4_pred_0,model_1_pred_0,5,93.47335680434341,93.2256863509505,94.24239017115131,94.24239017115131,94.24237931034483,46.28,98.28,98.85,98.09599999999999,93.05,2.800071070526603,2.49900420167714,6.569691773591816,True,1.8663681308895101,2.1937652563572065,True,529.1970274448395,257.5093467235565,51.5018693447113,True,True,True,True,True,True
IsPETaseWT_pool_23253,,290,5,,True,False,False,False,,,,,,,,,,,,,,,2.798311,970.1763333333332,961.942,-8.234333333333325,,1.3983109951019288,-1.4,,,True,True,model_1_pred_0;model_2_pred_0;model_5_pred_0;model_4_pred_0;model_3_pred_0,model_1_pred_0,5,93.47065431684354,93.24341965173001,94.1769529162208,94.1769529162208,94.17706896551724,41.08,98.35249999999999,98.86,98.16099999999999,93.44,2.8223844529050255,2.4973768237893132,6.594798935524873,True,1.858398773137779,2.2397207415211384,True,1294.321939945221,334.3523588180542,66.87047176361084,True,True,True,True,True,True
IsPETaseWT_pool_14221,,290,5,,True,False,False,False,,,,,,,,,,,,,,,2.7892609,955.423,951.2663333333334,-4.156666666666524,,1.3892608642578126,-1.4,,,True,True,model_1_pred_0;model_2_pred_0;model_5_pred_0;model_4_pred_0;model_3_pred_0,model_1_pred_0,5,93.4742966175921,93.14907788862084,94.16911764216842,94.16911764216842,94.16910344827586,44.79,98.31,98.8575,98.18299999999999,93.97,2.8002573096056724,2.527593519535924,6.580514721509253,True,1.8476387633950526,2.262697947141863,True,536.1513814926147,255.75339818000793,51.150679636001584,True,True,True,True,True,True
IsPETaseWT_pool_25936,,290,5,,True,False,False,False,,,,,,,,,,,,,,,2.777162,1166.361666666667,1163.8736666666666,-2.4880000000000564,,1.3771620750427247,-1.4,,,True,True,model_1_pred_0;model_2_pred_0;model_3_pred_0;model_5_pred_0;model_4_pred_0,model_1_pred_0,5,93.41807686483511,93.1329675967296,94.07052543154941,94.07052543154941,94.0705172413793,43.03,98.31,98.8575,98.21200000000002,94.11,2.821075504129587,2.4772714829021063,6.580592526513096,True,1.8629981213087676,2.0735947048543504,True,544.0074481964111,259.0374712944031,51.80749425888062,True,True,True,True,True,True
IsPETaseWT_pool_21956,,290,5,,True,False,False,False,,,,,,,,,,,,,,,2.7732685,1095.292,1094.5873333333334,-0.7046666666667534,,1.373268461227417,-1.4,,,True,True,model_1_pred_0;model_4_pred_0;model_2_pred_0;model_5_pred_0;model_3_pred_0,model_1_pred_0,5,93.4765859866319,93.15329074986818,94.16313499555946,94.16313499555946,94.16337931034482,45.1,98.32499999999999,98.8575,98.18499999999999,93.7,2.8310125397108363,2.4915501199052765,6.606571501164578,True,1.8616908980816331,2.2836814576468414,True,1291.5861332416534,333.85933327674866,66.77186665534973,True,True,True,True,True,True
IsPETaseWT_pool_26112,,290,5,,True,False,False,False,,,,,,,,,,,,,,,2.6910546,969.6706666666664,963.762,-5.908666666666477,,1.2910545825958253,-1.4,,,True,True,model_1_pred_0;model_2_pred_0;model_5_pred_0;model_4_pred_0;model_3_pred_0,model_1_pred_0,5,93.39085478706401,93.00958120663677,94.16792228200882,94.16792228200882,94.16803448275861,44.87,98.2925,98.86,98.209,94.14,2.8398911950988546,2.5215174002968928,6.613492420801585,True,1.8795355809348209,2.3014693132866224,True,555.1615264415741,259.7602734565735,51.9520546913147,True,True,True,True,True,True
IsPETaseWT_pool_531,,290,5,,True,False,False,False,,,,,,,,,,,,,,,2.6685026,1142.3916666666669,1134.2266666666667,-8.164999999999964,,1.2685025691986085,-1.4,,,True,True,model_1_pred_0;model_2_pred_0;model_4_pred_0;model_3_pred_0;model_5_pred_0,model_1_pred_0,5,93.51110763403757,93.2475104363927,94.3563688594043,94.3563688594043,94.35610344827585,48.31,98.3725,98.86,98.101,92.82,2.8266676493708984,2.5150544725711206,6.578519742312856,True,1.8464511907981767,2.106206305184752,True,551.1596355438232,258.59477281570435,51.71895456314087,True,True,True,True,True,True
IsPETaseWT_pool_1915,,290,5,,True,False,False,False,,,,,,,,,,,,,,,2.6676762,983.0336666666666,980.786,-2.2476666666665324,,1.2676762104034425,-1.4,,,True,True,model_1_pred_0;model_2_pred_0;model_5_pred_0;model_4_pred_0;model_3_pred_0,model_1_pred_0,5,93.38153509833279,93.01542963714559,94.12344958108696,94.12344958108696,94.1234827586207,43.75,98.3425,98.86,98.203,94.02,2.834398701664958,2.5237791107781207,6.603998940036257,True,1.8743438852035659,2.3016928552697906,True,538.0395879745483,256.0866620540619,51.217332410812375,True,True,True,True,True,True
IsPETaseWT_pool_20044,,290,5,,True,False,False,False,,,,,,,,,,,,,,,2.6671538,1351.9376666666667,1347.7993333333334,-4.138333333333321,,1.267153835296631,-1.4,,,True,True,model_1_pred_0;model_2_pred_0;model_5_pred_0;model_4_pred_0;model_3_pred_0,model_1_pred_0,5,93.45321056419603,93.09051168182717,94.13360038321251,94.13360038321251,94.13362068965517,44.53,98.3125,98.86,98.247,94.23,2.8516724917142926,2.5389094115387416,6.6251802239637225,True,1.8422991070941765,2.2956310679201044,True,543.1496825218201,256.59869480133057,51.319738960266115,True,True,True,True,True,True
IsPETaseWT_pool_5089,,290,5,,True,False,False,False,,,,,,,,,,,,,,,2.6657238,780.5596666666667,663.1206666666667,-117.43899999999996,,1.2657238006591798,-1.4,,,True,True,model_1_pred_0;model_2_pred_0;model_5_pred_0;model_4_pred_0;model_3_pred_0,model_1_pred_0,5,93.47396024356959,93.0727085722628,94.22353407008725,94.22353407008725,94.22362068965516,45.38,98.3425,98.85,98.07300000000001,92.66,2.8241600521216927,2.5128477868744854,6.606234933757654,True,1.8567999353726823,2.107438729832969,True,551.2224209308624,258.7868871688843,51.75737743377685,True,True,True,True,True,True
IsPETaseWT_pool_9041,,290,5,,True,False,False,False,,,,,,,,,,,,,,,2.6595511,940.458,936.491,-3.966999999999985,,1.2595511436462403,-1.4,,,True,True,model_1_pred_0;model_5_pred_0;model_2_pred_0;model_4_pred_0;model_3_pred_0,model_1_pred_0,5,93.4693829819833,93.1047565921031,94.14493278346639,94.14493278346639,94.14524137931035,43.91,98.35,98.85,98.107,93.13,2.811608258630636,2.501080766388802,6.587719863503608,True,1.8558248839801676,2.1295269427739107,True,558.1687903404236,258.64195489883423,51.72839097976684,True,True,True,True,True,True
IsPETaseWT_pool_483,,290,4,,True,False,False,False,,,,,,,,,,,,,,,2.659061,1004.1626666666666,982.5126666666666,-21.649999999999977,,1.2590609550476075,-1.4,,,True,True,model_1_pred_0;model_5_pred_0;model_2_pred_0;model_4_pred_0;model_3_pred_0,model_1_pred_0,5,93.42160539922864,93.13132594631047,94.11653189500804,94.11653189500804,94.11662068965518,43.04,98.3425,98.86,98.196,93.89,2.829550140923465,2.4967601006103894,6.586210215290733,True,1.8674581655287485,2.320307091744539,True,557.4808275699615,257.77082681655884,51.55416536331177,True,True,True,True,True,True
IsPETaseWT_pool_9663,,290,5,,True,False,False,False,,,,,,,,,,,,,,,2.659061,1095.3686666666665,1087.784666666667,-7.583999999999833,,1.2590609550476075,-1.4,,,True,True,model_1_pred_0;model_2_pred_0;model_4_pred_0;model_5_pred_0;model_3_pred_0,model_1_pred_0,5,93.50255847937518,93.15318613008974,94.30999712964442,94.30999712964442,94.3098620689655,44.51,98.3325,98.86,98.17200000000001,93.7,2.82869333792124,2.4744829763003033,6.57621844223563,True,1.875437815551345,2.2047616651239177,True,546.2658338546753,259.1957919597626,51.839158391952516,True,True,True,True,True,True
IsPETaseWT_pool_25302,,290,5,,True,False,False,False,,,,,,,,,,,,,,,2.659061,972.9623333333332,944.552,-28.410333333333256,,1.2590609550476075,-1.4,,,True,True,model_1_pred_0;model_5_pred_0;model_2_pred_0;model_3_pred_0;model_4_pred_0,model_1_pred_0,5,93.46511339320318,93.17572516236145,94.08971568780456,94.08971568780456,94.0898275862069,45.21,98.3125,98.86,98.19800000000001,93.94,2.821528132058938,2.496073115916279,6.591535784625614,True,1.8648509323803881,2.275139556159138,True,563.7423779964447,260.3727602958679,52.074552059173584,True,True,True,True,True,True
IsPETaseWT_pool_24720,,290,5,,True,False,False,False,,,,,,,,,,,,,,,2.659061,1112.0136666666667,1090.8903333333335,-21.12333333333322,,1.2590609550476075,-1.4,,,True,True,model_1_pred_0;model_2_pred_0;model_5_pred_0;model_3_pred_0;model_4_pred_0,model_1_pred_0,5,93.51228970577714,93.16436540475682,94.3265087327859,94.3265087327859,94.32686206896553,46.66,98.3125,98.8575,98.1,92.92,2.821540359449072,2.499117044077768,6.56356145701402,True,1.8733910430019687,2.0749693973646948,True,1298.1784224510193,333.52315282821655,66.70463056564331,True,True,True,True,True,True
IsPETaseWT_pool_15058,,290,5,,True,False,False,False,,,,,,,,,,,,,,,2.6405869,1224.8873333333331,1222.606,-2.2813333333333503,,1.2405868530273438,-1.4,,,True,True,model_1_pred_0;model_2_pred_0;model_5_pred_0;model_4_pred_0;model_3_pred_0,model_1_pred_0,5,93.43775997132332,93.1077103831496,94.0494759447852,94.0494759447852,94.04941379310344,42.68,98.285,98.8575,98.101,93.01,2.827049698891054,2.499889997579894,6.577881497868444,True,1.8710224477541677,2.095050357390008,True,539.5472803115845,256.5311977863312,51.30623955726624,True,True,True,True,True,True
IsPETaseWT_pool_25619,,290,5,,True,False,False,False,,,,,,,,,,,,,,,2.635705,1101.5206666666666,1094.0706666666667,-7.449999999999818,,1.2357049942016602,-1.4,,,True,True,model_1_pred_0;model_2_pred_0;model_5_pred_0;model_4_pred_0;model_3_pred_0,model_1_pred_0,5,93.46278517775525,93.23762063971047,94.0831876300958,94.0831876300958,94.08324137931034,42.4,98.30499999999999,98.86,98.207,93.96,2.821407804625202,2.5029162990399825,6.5935805902407845,True,1.8586774868169027,2.2963283737305518,True,546.4979150295258,258.2245845794678,51.64491691589355,True,True,True,True,True,True
IsPETaseWT_pool_20960,,290,5,,True,False,False,False,,,,,,,,,,,,,,,2.6356845,1026.8786666666667,1020.9936666666666,-5.885000000000105,,1.2356844902038575,-1.4,,,True,True,model_1_pred_0;model_5_pred_0;model_2_pred_0;model_4_pred_0;model_3_pred_0,model_1_pred_0,5,93.47922293374721,93.07381038170946,94.2577340922857,94.2577340922857,94.25772413793102,46.4,98.35,98.86,98.224,94.15,2.8160351560305488,2.480234867910699,6.581395976538715,True,1.8726254297109186,2.2790386130998312,True,541.927966594696,255.56551957130432,51.11310391426086,True,True,True,True,True,True
IsPETaseWT_pool_24987,,290,5,,True,False,False,False,,,,,,,,,,,,,,,2.6198292,865.4293333333334,820.6883333333334,-44.74099999999999,,1.2198291778564454,-1.4,,,True,True,model_1_pred_0;model_2_pred_0;model_5_pred_0;model_3_pred_0;model_4_pred_0,model_1_pred_0,5,93.45367612826497,93.11848420705209,94.30598067582095,94.30598067582095,94.3061724137931,46.66,98.33,98.8575,98.15700000000001,93.62,2.7997767768163233,2.490165857929949,6.565236553240103,True,1.855959859479725,2.0737082726362464,True,1290.9017324447632,334.4279353618622,66.88558707237243,True,True,True,True,True,True
IsPETaseWT_pool_12162,,290,5,,True,False,False,False,,,,,,,,,,,,,,,2.6076834,889.1066666666667,887.709,-1.397666666666737,,1.2076834201812745,-1.4,,,True,True,model_1_pred_0;model_5_pred_0;model_2_pred_0;model_4_pred_0;model_3_pred_0,model_1_pred_0,5,93.4791115019024,93.19577149775162,94.17478847864673,94.17478847864673,94.17486206896551,45.01,98.3625,98.86,98.083,92.91,2.8286473799326775,2.497788221607269,6.597767273858635,True,1.8521347143229083,2.116134211244645,True,542.239250421524,254.50951099395752,50.901902198791504,True,True,True,True,True,True
IsPETaseWT_pool_1229,,290,4,,True,False,False,False,,,,,,,,,,,,,,,2.6075315,868.0953333333333,753.668,-114.42733333333332,,1.2075315475463868,-1.4,,,True,True,model_1_pred_0;model_5_pred_0;model_2_pred_0;model_3_pred_0;model_4_pred_0,model_1_pred_0,5,93.41805262781192,93.02355266032245,94.16371758229863,94.16371758229863,94.16379310344827,43.14,98.3725,98.86,98.342,95.3,2.7914222181533197,2.4828842099461657,6.560149007454021,True,1.869466768894274,1.9941850465791786,True,533.3804280757904,254.84806084632874,50.969612169265744,True,True,True,True,True,True
IsPETaseWT_pool_15026,,290,5,,True,False,False,False,,,,,,,,,,,,,,,2.6074333,840.2526666666666,716.0463333333333,-124.2063333333333,,1.207433319091797,-1.4,,,True,True,model_1_pred_0;model_2_pred_0;model_5_pred_0;model_4_pred_0;model_3_pred_0,model_1_pred_0,5,93.44772989497696,93.0206479565183,94.21511017500684,94.21511017500684,94.21503448275863,47.42,98.3325,98.86,98.081,92.79,2.8030599351423082,2.468969218115123,6.57826504482755,True,1.8722216749092497,2.125253867188576,True,535.9063103199005,256.1843636035919,51.23687272071838,True,True,True,True,True,True
IsPETaseWT_pool_20130,,290,5,,True,False,False,False,,,,,,,,,,,,,,,2.6021676,983.5316666666668,958.5293333333332,-25.002333333333468,,1.20216760635376,-1.4,,,True,True,model_1_pred_0;model_5_pred_0;model_2_pred_0;model_3_pred_0;model_4_pred_0,model_1_pred_0,5,93.47578282648763,93.15034324267484,94.24216252746896,94.24216252746896,94.24193103448277,45.18,98.3025,98.85,98.21200000000002,94.19,2.8060915879564585,2.4760914765008186,6.56063754523903,True,1.880155844604377,2.2578762144989257,True,538.0116000175476,255.78081035614014,51.156162071228025,True,True,True,True,True,True
IsPETaseWT_pool_13188,,290,5,,True,False,False,False,,,,,,,,,,,,,,,2.6009912,871.9206666666668,784.3466666666667,-87.57400000000007,,1.2009912490844727,-1.4,,,True,True,model_1_pred_0;model_2_pred_0;model_5_pred_0;model_4_pred_0;model_3_pred_0,model_1_pred_0,5,93.43354977386365,93.0865289856563,94.23402767837105,94.23402767837105,94.23403448275862,45.09,98.35249999999999,98.8575,98.131,93.25,2.81603551113973,2.4827043722521616,6.575692891247279,True,1.8314024680555616,2.1767501004938548,True,533.2274954319,256.09327125549316,51.218654251098634,True,True,True,True,True,True
IsPETaseWT_pool_697,,290,4,,True,False,False,False,,,,,,,,,,,,,,,2.592581,985.2243333333332,984.313,-0.911333333333232,,1.1925810337066651,-1.4,,,True,True,model_1_pred_0;model_2_pred_0;model_5_pred_0;model_4_pred_0;model_3_pred_0,model_1_pred_0,5,93.45423726940714,93.18757224411348,94.08362718686404,94.08362718686404,94.08368965517242,41.36,98.2725,98.85,98.22,94.23,2.813898896549057,2.5089250686299907,6.595312274638708,True,1.8676669938723016,2.3076622369835675,True,557.1287295818329,258.6905882358551,51.73811764717102,True,True,True,True,True,True
IsPETaseWT_pool_15146,,290,4,,True,False,False,False,,,,,,,,,,,,,,,2.5748653,912.2856666666668,909.0933333333332,-3.1923333333334085,,1.1748653411865235,-1.4,,,True,True,model_1_pred_0;model_2_pred_0;model_5_pred_0;model_4_pred_0;model_3_pred_0,model_1_pred_0,5,93.39829400707757,92.99820109129075,94.13121322057567,94.13121322057567,94.13117241379311,45.45,98.3725,98.86,98.209,93.95,2.8501568377898083,2.5131020671671886,6.614953816921173,True,1.872252386832501,2.2432567842313547,True,536.3138751983643,255.35012984275818,51.07002596855163,True,True,True,True,True,True
IsPETaseWT_pool_27835,,290,5,,True,False,False,False,,,,,,,,,,,,,,,2.5695126,1138.5043333333333,1137.925,-0.5793333333333521,,1.1695126056671143,-1.4,,,True,True,model_1_pred_0;model_2_pred_0;model_5_pred_0;model_4_pred_0;model_3_pred_0,model_1_pred_0,5,93.53735482802261,93.06814981672831,94.30988328802164,94.30988328802164,94.3096896551724,46.37,98.3675,98.86,98.14699999999999,93.27,2.809424318254542,2.5066780806477724,6.605240570940623,True,1.8614596423237342,2.1552716766106292,True,557.6970019340515,260.04145646095276,52.00829129219055,True,True,True,True,True,True
IsPETaseWT_pool_23867,,290,5,,True,False,False,False,,,,,,,,,,,,,,,2.5672145,987.288,896.7883333333333,-90.49966666666673,,1.1672144889831544,-1.4,,,True,True,model_1_pred_0;model_5_pred_0;model_2_pred_0;model_3_pred_0;model_4_pred_0,model_1_pred_0,5,93.41757812676744,93.14721077616083,94.08994926010554,94.08994926010554,94.08999999999999,41.3,98.35749999999999,98.86,98.293,94.73,2.8452839928555456,2.528852704291019,6.6089111054696446,True,1.8541674681646214,2.0483642254247663,True,1286.6545112133026,334.6685130596161,66.93370261192322,True,True,True,True,True,True
IsPETaseWT_pool_26965,,290,5,,True,False,False,False,,,,,,,,,,,,,,,2.5668764,1002.6826666666668,1002.025,-0.6576666666667279,,1.1668764114379884,-1.4,,,True,True,model_1_pred_0;model_2_pred_0;model_5_pred_0;model_4_pred_0;model_3_pred_0,model_1_pred_0,5,93.48478705847667,93.14514905181947,94.27436640573931,94.27436640573931,94.27431034482758,45.26,98.3725,98.86,98.14599999999999,93.3,2.8148664266710774,2.5269734862083535,6.610000378214815,True,1.8576237509248212,2.1681681207876835,True,541.5439105033875,258.14605045318604,51.62921009063721,True,True,True,True,True,True
